order_id,product_id,customer_id,quantity,price,discount_percent,order_date,shipping_date,shipping_method,order_status,destination_city,payment_method
70015432,1012456,500112,1,129.99,5,2023-01-14,2023-01-18,Standard,Completed,Edmonton,Visa
70015433,1012457,500044,2,24.99,0,2023-01-16,2023-01-20,Expedited,Completed,Calgary,Mastercard
70015434,1012458,500301,1,249.99,10,2023-01-18,2023-01-23,Standard,Completed,Toronto,PayPal
70015435,1012459,500222,3,59.99,0,2023-01-19,2023-01-24,Priority,Completed,Vancouver,Visa
70015436,1012460,500155,1,349.99,15,2023-01-20,2023-01-25,Standard,Completed,Seattle,Amex
70015437,1012461,500078,2,49.99,5,2023-01-21,2023-01-26,Standard,Completed,Portland,Visa
70015438,1012462,500199,1,89.99,0,2023-01-22,2023-01-27,Expedited,Completed,San Francisco,Mastercard
70015439,1012463,500011,4,19.99,0,2023-01-23,2023-01-28,Standard,Completed,Los Angeles,Visa
70015440,1012464,500402,1,34.99,0,2023-01-24,2023-01-29,Standard,Completed,Chicago,PayPal
70015441,1012465,500333,2,44.99,10,2023-01-25,2023-01-30,Priority,Completed,Houston,Visa
70015442,1012466,500201,1,14.99,0,2023-01-26,2023-01-31,Standard,Completed,Miami,Mastercard
70015443,1012467,500088,1,39.99,5,2023-01-27,2023-02-01,Standard,Completed,New York,Amex
70015444,1012468,500122,1,49.99,0,2023-01-28,2023-02-02,Expedited,Completed,San Diego,Visa
70015445,1012469,500399,1,59.99,0,2023-01-29,2023-02-03,Standard,Completed,Las Vegas,Mastercard
70015446,1012470,500144,2,29.99,0,2023-01-30,2023-02-04,Standard,Completed,Phoenix,Visa
70015447,1012472,500055,1,199.99,10,2023-02-01,2023-02-06,Priority,Completed,Denver,PayPal
70015448,1012456,500166,1,129.99,0,2023-02-02,2023-02-07,Standard,Completed,Edmonton,Visa
70015449,1012457,500277,3,24.99,5,2023-02-03,2023-02-08,Standard,Completed,Calgary,Mastercard
70015450,1012458,500188,1,249.99,0,2023-02-04,2023-02-09,Expedited,Completed,Toronto,Visa
70015451,1012459,500199,2,59.99,0,2023-02-05,2023-02-10,Standard,Completed,Vancouver,PayPal
70015452,1012460,500211,1,349.99,20,2023-02-06,2023-02-11,Priority,Completed,Seattle,Amex
70015453,1012461,500222,1,49.99,0,2023-02-07,2023-02-12,Standard,Completed,Portland,Visa
70015454,1012462,500233,2,89.99,5,2023-02-08,2023-02-13,Standard,Completed,San Francisco,Mastercard
70015455,1012463,500244,1,19.99,0,2023-02-09,2023-02-14,Standard,Completed,Los Angeles,Visa
70015456,1012464,500255,1,34.99,0,2023-02-10,2023-02-15,Expedited,Completed,Chicago,PayPal
70015457,1012465,500266,1,44.99,0,2023-02-11,2023-02-16,Standard,Completed,Houston,Visa
70015458,1012467,500277,1,39.99,0,2023-02-12,2023-02-17,Standard,Completed,New York,Mastercard
70015459,1012468,500288,2,49.99,10,2023-02-13,2023-02-18,Priority,Completed,San Diego,Visa
70015460,1012469,500299,1,59.99,0,2023-02-14,2023-02-19,Standard,Completed,Las Vegas,PayPal
70015461,1012470,500300,1,29.99,0,2023-02-15,2023-02-20,Standard,Completed,Phoenix,Visa
70015462,1012472,500311,1,199.99,5,2023-02-16,2023-02-21,Standard,Completed,Denver,Mastercard
70015463,1012456,500322,1,129.99,0,2023-02-17,2023-02-22,Standard,Completed,Edmonton,Visa
70015464,1012457,500333,2,24.99,0,2023-02-18,2023-02-23,Standard,Completed,Calgary,PayPal
70015465,1012458,500344,1,249.99,0,2023-02-19,2023-02-24,Priority,Completed,Toronto,Visa
70015466,1012459,500355,3,59.99,5,2023-02-20,2023-02-25,Standard,Completed,Vancouver,Mastercard
70015467,1012460,500366,1,349.99,0,2023-02-21,2023-02-26,Standard,Completed,Seattle,Visa
70015468,1012461,500377,1,49.99,0,2023-02-22,2023-02-27,Expedited,Completed,Portland,PayPal
70015469,1012462,500388,1,89.99,0,2023-02-23,2023-02-28,Standard,Completed,San Francisco,Visa
70015470,1012463,500399,4,19.99,0,2023-02-24,2023-03-01,Standard,Completed,Los Angeles,Mastercard
70015471,1012464,500410,1,34.99,0,2023-02-25,2023-03-02,Standard,Completed,Chicago,Visa
70015472,1012465,500421,2,44.99,0,2023-02-26,2023-03-03,Priority,Completed,Houston,PayPal
70015473,1012467,500432,1,39.99,0,2023-02-27,2023-03-04,Standard,Completed,New York,Visa
70015474,1012468,500443,1,49.99,0,2023-02-28,2023-03-05,Standard,Completed,San Diego,Mastercard
70015475,1012469,500454,1,59.99,0,2023-03-01,2023-03-06,Standard,Completed,Las Vegas,Visa
70015476,1012470,500465,1,29.99,0,2023-03-02,2023-03-07,Expedited,Completed,Phoenix,PayPal
70015477,1012472,500476,1,199.99,0,2023-03-03,2023-03-08,Standard,Completed,Denver,Visa
70015478,1012456,500487,1,129.99,0,2023-03-04,2023-03-09,Standard,Completed,Edmonton,Mastercard
70015479,1012457,500498,2,24.99,0,2023-03-05,2023-03-10,Standard,Completed,Calgary,Visa
70015480,1012458,500509,1,249.99,0,2023-03-06,2023-03-11,Priority,Completed,Toronto,PayPal
70015481,1012459,500520,1,59.99,0,2023-03-07,2023-03-12,Standard,Completed,Vancouver,Visa
70015482,1012460,500531,1,349.99,10,2023-03-08,2023-03-13,Standard,Completed,Seattle,Mastercard
70015483,1012461,500542,2,49.99,0,2023-03-09,2023-03-14,Standard,Completed,Portland,Visa
70015484,1012462,500553,1,89.99,0,2023-03-10,2023-03-15,Expedited,Completed,San Francisco,PayPal
70015485,1012463,500564,3,19.99,0,2023-03-11,2023-03-16,Standard,Completed,Los Angeles,Visa
70015486,1012464,500575,1,34.99,0,2023-03-12,2023-03-17,Standard,Completed,Chicago,Mastercard
70015487,1012465,500586,1,44.99,0,2023-03-13,2023-03-18,Standard,Completed,Houston,Visa
70015488,1012467,500597,1,39.99,0,2023-03-14,2023-03-19,Priority,Completed,New York,PayPal
70015489,1012468,500608,1,49.99,0,2023-03-15,2023-03-20,Standard,Completed,San Diego,Visa
70015490,1012469,500619,1,59.99,0,2023-03-16,2023-03-21,Standard,Completed,Las Vegas,Mastercard
70015491,1012470,500630,1,29.99,0,2023-03-17,2023-03-22,Standard,Completed,Phoenix,Visa
70015492,1012472,500641,1,199.99,0,2023-03-18,2023-03-23,Expedited,Completed,Denver,PayPal
70015493,1012456,500652,1,129.99,0,2023-03-19,2023-03-24,Standard,Completed,Edmonton,Visa
70015494,1012457,500663,2,24.99,0,2023-03-20,2023-03-25,Standard,Completed,Calgary,Mastercard
70015495,1012458,500674,1,249.99,0,2023-03-21,2023-03-26,Standard,Completed,Toronto,Visa
70015496,1012459,500685,1,59.99,0,2023-03-22,2023-03-27,Priority,Completed,Vancouver,PayPal
70015497,1012460,500696,1,349.99,0,2023-03-23,2023-03-28,Standard,Completed,Seattle,Visa
70015498,1012461,500707,1,49.99,0,2023-03-24,2023-03-29,Standard,Completed,Portland,Mastercard
70015499,1012462,500718,1,89.99,0,2023-03-25,2023-03-30,Standard,Completed,San Francisco,Visa
70015500,1012463,500729,2,19.99,0,2023-03-26,2023-03-31,Standard,Completed,Los Angeles,Visa
70015501,1012464,500740,1,34.99,0,2023-03-27,2023-04-01,Standard,Completed,Chicago,Mastercard
70015502,1012465,500751,1,44.99,5,2023-03-28,2023-04-02,Priority,Completed,Houston,Visa
70015503,1012467,500762,1,39.99,0,2023-03-29,2023-04-03,Standard,Completed,New York,PayPal
70015504,1012468,500773,1,49.99,0,2023-03-30,2023-04-04,Standard,Completed,San Diego,Visa
70015505,1012469,500784,1,59.99,0,2023-03-31,2023-04-05,Standard,Completed,Las Vegas,Mastercard
70015506,1012470,500795,1,29.99,0,2023-04-01,2023-04-06,Expedited,Completed,Phoenix,Visa
70015507,1012472,500806,1,199.99,0,2023-04-02,2023-04-07,Standard,Completed,Denver,PayPal
70015508,1012456,500817,1,129.99,0,2023-04-03,2023-04-08,Standard,Completed,Edmonton,Visa
70015509,1012457,500828,2,24.99,0,2023-04-04,2023-04-09,Standard,Completed,Calgary,Mastercard
70015510,1012458,500839,1,249.99,0,2023-04-05,2023-04-10,Priority,Completed,Toronto,Visa
70015511,1012459,500850,1,59.99,0,2023-04-06,2023-04-11,Standard,Completed,Vancouver,PayPal
70015512,1012460,500861,1,349.99,10,2023-04-07,2023-04-12,Standard,Completed,Seattle,Visa
70015513,1012461,500872,1,49.99,0,2023-04-08,2023-04-13,Standard,Completed,Portland,Mastercard
70015514,1012462,500883,1,89.99,0,2023-04-09,2023-04-14,Expedited,Completed,San Francisco,Visa
70015515,1012463,500894,3,19.99,0,2023-04-10,2023-04-15,Standard,Completed,Los Angeles,PayPal
70015516,1012464,500905,1,34.99,0,2023-04-11,2023-04-16,Standard,Completed,Chicago,Visa
70015517,1012465,500916,1,44.99,0,2023-04-12,2023-04-17,Priority,Completed,Houston,Mastercard
70015518,1012467,500927,1,39.99,0,2023-04-13,2023-04-18,Standard,Completed,New York,Visa
70015519,1012468,500938,1,49.99,0,2023-04-14,2023-04-19,Standard,Completed,San Diego,PayPal
70015520,1012469,500949,1,59.99,0,2023-04-15,2023-04-20,Standard,Completed,Las Vegas,Visa
70015521,1012470,500960,1,29.99,0,2023-04-16,2023-04-21,Standard,Completed,Phoenix,Mastercard
70015522,1012472,500971,1,199.99,0,2023-04-17,2023-04-22,Expedited,Completed,Denver,Visa
70015523,1012456,500982,1,129.99,0,2023-04-18,2023-04-23,Standard,Completed,Edmonton,PayPal
70015524,1012457,500993,2,24.99,0,2023-04-19,2023-04-24,Standard,Completed,Calgary,Visa
70015525,1012458,501004,1,249.99,0,2023-04-20,2023-04-25,Priority,Completed,Toronto,Mastercard
70015526,1012459,501015,1,59.99,0,2023-04-21,2023-04-26,Standard,Completed,Vancouver,Visa
70015527,1012460,501026,1,349.99,5,2023-04-22,2023-04-27,Standard,Completed,Seattle,PayPal
70015528,1012461,501037,1,49.99,0,2023-04-23,2023-04-28,Standard,Completed,Portland,Visa
70015529,1012462,501048,1,89.99,0,2023-04-24,2023-04-29,Expedited,Completed,San Francisco,Mastercard
70015530,1012463,501059,2,19.99,0,2023-04-25,2023-04-30,Standard,Completed,Los Angeles,Visa
70015531,1012464,501070,1,34.99,0,2023-04-26,2023-05-01,Standard,Completed,Chicago,PayPal
70015532,1012465,501081,1,44.99,0,2023-04-27,2023-05-02,Priority,Completed,Houston,Visa
70015533,1012467,501092,1,39.99,0,2023-04-28,2023-05-03,Standard,Completed,New York,Mastercard
70015534,1012468,501103,1,49.99,0,2023-04-29,2023-05-04,Standard,Completed,San Diego,Visa
70015535,1012469,501114,1,59.99,0,2023-04-30,2023-05-05,Standard,Completed,Las Vegas,PayPal
70015536,1012470,501125,1,29.99,0,2023-05-01,2023-05-06,Standard,Completed,Phoenix,Visa
70015537,1012472,501136,1,199.99,0,2023-05-02,2023-05-07,Expedited,Completed,Denver,Mastercard
70015538,1012456,501147,1,129.99,0,2023-05-03,2023-05-08,Standard,Completed,Edmonton,Visa
70015539,1012457,501158,2,24.99,0,2023-05-04,2023-05-09,Standard,Completed,Calgary,PayPal
70015540,1012458,501169,1,249.99,0,2023-05-05,2023-05-10,Priority,Completed,Toronto,Visa
70015541,1012459,501180,1,59.99,0,2023-05-06,2023-05-11,Standard,Completed,Vancouver,Mastercard
70015542,1012460,501191,1,349.99,0,2023-05-07,2023-05-12,Standard,Completed,Seattle,Visa
70015543,1012461,501202,1,49.99,0,2023-05-08,2023-05-13,Standard,Completed,Portland,PayPal
70015544,1012462,501213,1,89.99,0,2023-05-09,2023-05-14,Expedited,Completed,San Francisco,Visa
70015545,1012463,501224,3,19.99,0,2023-05-10,2023-05-15,Standard,Completed,Los Angeles,Mastercard
70015546,1012464,501235,1,34.99,0,2023-05-11,2023-05-16,Standard,Completed,Chicago,Visa
70015547,1012465,501246,1,44.99,0,2023-05-12,2023-05-17,Priority,Completed,Houston,PayPal
70015548,1012467,501257,1,39.99,0,2023-05-13,2023-05-18,Standard,Completed,New York,Visa
70015549,1012468,501268,1,49.99,0,2023-05-14,2023-05-19,Standard,Completed,San Diego,Mastercard
70015550,1012469,501279,1,59.99,0,2023-05-15,2023-05-20,Standard,Completed,Las Vegas,Visa
70015551,1012470,501290,1,29.99,0,2023-05-16,2023-05-21,Standard,Completed,Phoenix,PayPal
70015552,1012472,501301,1,199.99,0,2023-05-17,2023-05-22,Expedited,Completed,Denver,Visa
70015553,1012456,501312,1,129.99,0,2023-05-18,2023-05-23,Standard,Completed,Edmonton,Mastercard
70015554,1012457,501323,2,24.99,0,2023-05-19,2023-05-24,Standard,Completed,Calgary,Visa
70015555,1012458,501334,1,249.99,0,2023-05-20,2023-05-25,Priority,Completed,Toronto,PayPal
70015556,1012459,501345,1,59.99,0,2023-05-21,2023-05-26,Standard,Completed,Vancouver,Visa
70015557,1012460,501356,1,349.99,0,2023-05-22,2023-05-27,Standard,Completed,Seattle,Mastercard
70015558,1012461,501367,1,49.99,0,2023-05-23,2023-05-28,Standard,Completed,Portland,Visa
70015559,1012462,501378,1,89.99,0,2023-05-24,2023-05-29,Expedited,Completed,San Francisco,PayPal
70015560,1012463,501389,2,19.99,0,2023-05-25,2023-05-30,Standard,Completed,Los Angeles,Visa
70015561,1012464,501400,1,34.99,0,2023-05-26,2023-05-31,Standard,Completed,Chicago,Mastercard
70015562,1012465,501411,1,44.99,0,2023-05-27,2023-06-01,Priority,Completed,Houston,Visa
70015563,1012467,501422,1,39.99,0,2023-05-28,2023-06-02,Standard,Completed,New York,PayPal
70015564,1012468,501433,1,49.99,0,2023-05-29,2023-06-03,Standard,Completed,San Diego,Visa
70015565,1012469,501444,1,59.99,0,2023-05-30,2023-06-04,Standard,Completed,Las Vegas,Mastercard
70015566,1012470,501455,1,29.99,0,2023-05-31,2023-06-05,Standard,Completed,Phoenix,Visa
70015567,1012472,501466,1,199.99,0,2023-06-01,2023-06-06,Expedited,Completed,Denver,PayPal
70015568,1012456,501477,1,129.99,0,2023-06-02,2023-06-07,Standard,Completed,Edmonton,Visa
70015569,1012457,501488,2,24.99,0,2023-06-03,2023-06-08,Standard,Completed,Calgary,Mastercard
70015570,1012458,501499,1,249.99,0,2023-06-04,2023-06-09,Priority,Completed,Toronto,Visa
70015571,1012459,501510,1,59.99,0,2023-06-05,2023-06-10,Standard,Completed,Vancouver,PayPal
70015572,1012460,501521,1,349.99,0,2023-06-06,2023-06-11,Standard,Completed,Seattle,Visa
70015573,1012461,501532,1,49.99,0,2023-06-07,2023-06-12,Standard,Completed,Portland,Mastercard
70015574,1012462,501543,1,89.99,0,2023-06-08,2023-06-13,Expedited,Completed,San Francisco,Visa
70015575,1012463,501554,3,19.99,0,2023-06-09,2023-06-14,Standard,Completed,Los Angeles,PayPal
70015576,1012464,501565,1,34.99,0,2023-06-10,2023-06-15,Standard,Completed,Chicago,Visa
70015577,1012465,501576,1,44.99,0,2023-06-11,2023-06-16,Priority,Completed,Houston,Mastercard
70015578,1012467,501587,1,39.99,0,2023-06-12,2023-06-17,Standard,Completed,New York,Visa
70015579,1012468,501598,1,49.99,0,2023-06-13,2023-06-18,Standard,Completed,San Diego,PayPal
70015580,1012469,501609,1,59.99,0,2023-06-14,2023-06-19,Standard,Completed,Las Vegas,Visa
70015581,1012470,501620,1,29.99,0,2023-06-15,2023-06-20,Standard,Completed,Phoenix,Mastercard
70015582,1012472,501631,1,199.99,0,2023-06-16,2023-06-21,Expedited,Completed,Denver,Visa
70015583,1012456,501642,1,129.99,0,2023-06-17,2023-06-22,Standard,Completed,Edmonton,PayPal
70015584,1012457,501653,2,24.99,0,2023-06-18,2023-06-23,Standard,Completed,Calgary,Visa
70015585,1012458,501664,1,249.99,0,2023-06-19,2023-06-24,Priority,Completed,Toronto,Mastercard
70015586,1012459,501675,1,59.99,0,2023-06-20,2023-06-25,Standard,Completed,Vancouver,Visa
70015587,1012460,501686,1,349.99,0,2023-06-21,2023-06-26,Standard,Completed,Seattle,PayPal
70015588,1012461,501697,1,49.99,0,2023-06-22,2023-06-27,Standard,Completed,Portland,Visa
70015589,1012462,501708,1,89.99,0,2023-06-23,2023-06-28,Expedited,Completed,San Francisco,Mastercard
70015590,1012463,501719,2,19.99,0,2023-06-24,2023-06-29,Standard,Completed,Los Angeles,Visa
70015591,1012464,501730,1,34.99,0,2023-06-25,2023-06-30,Standard,Completed,Chicago,PayPal
70015592,1012465,501741,1,44.99,0,2023-06-26,2023-07-01,Priority,Completed,Houston,Visa
70015593,1012467,501752,1,39.99,0,2023-06-27,2023-07-02,Standard,Completed,New York,Mastercard
70015594,1012468,501763,1,49,,,,,,,
70015594,1012468,501763,1,49.99,0,2023-06-13,2023-06-18,Standard,Completed,San Diego,Visa
70015595,1012469,501774,1,59.99,0,2023-06-14,2023-06-19,Standard,Completed,Las Vegas,Mastercard
70015596,1012470,501785,1,29.99,0,2023-06-15,2023-06-20,Standard,Completed,Phoenix,PayPal
70015597,1012472,501796,1,199.99,0,2023-06-16,2023-06-21,Expedited,Completed,Denver,Visa
70015598,1012456,501807,1,129.99,0,2023-06-17,2023-06-22,Standard,Completed,Edmonton,Mastercard
70015599,1012457,501818,2,24.99,0,2023-06-18,2023-06-23,Standard,Completed,Calgary,Visa
70015600,1012458,501829,1,249.99,0,2023-06-19,2023-06-24,Priority,Completed,Toronto,PayPal
70015601,1012459,501840,1,59.99,0,2023-06-20,2023-06-25,Standard,Completed,Vancouver,Visa
70015602,1012460,501851,1,349.99,0,2023-06-21,2023-06-26,Standard,Completed,Seattle,Mastercard
70015603,1012461,501862,1,49.99,0,2023-06-22,2023-06-27,Standard,Completed,Portland,Visa
70015604,1012462,501873,1,89.99,0,2023-06-23,2023-06-28,Expedited,Completed,San Francisco,PayPal
70015605,1012463,501884,2,19.99,0,2023-06-24,2023-06-29,Standard,Completed,Los Angeles,Visa
70015606,1012464,501895,1,34.99,0,2023-06-25,2023-06-30,Standard,Completed,Chicago,Mastercard
70015607,1012465,501906,1,44.99,0,2023-06-26,2023-07-01,Priority,Completed,Houston,Visa
70015608,1012467,501917,1,39.99,0,2023-06-27,2023-07-02,Standard,Completed,New York,PayPal
70015609,1012468,501928,1,49.99,0,2023-06-28,2023-07-03,Standard,Completed,San Diego,Visa
70015610,1012469,501939,1,59.99,0,2023-06-29,2023-07-04,Standard,Completed,Las Vegas,Mastercard
70015611,1012470,501950,1,29.99,0,2023-06-30,2023-07-05,Standard,Completed,Phoenix,Visa
70015612,1012472,501961,1,199.99,0,2023-07-01,2023-07-06,Expedited,Completed,Denver,PayPal
70015613,1012456,501972,1,129.99,0,2023-07-02,2023-07-07,Standard,Completed,Edmonton,Visa
70015614,1012457,501983,2,24.99,0,2023-07-03,2023-07-08,Standard,Completed,Calgary,Mastercard
70015615,1012458,501994,1,249.99,0,2023-07-04,2023-07-09,Priority,Completed,Toronto,Visa
70015616,1012459,502005,1,59.99,0,2023-07-05,2023-07-10,Standard,Completed,Vancouver,PayPal
70015617,1012460,502016,1,349.99,0,2023-07-06,2023-07-11,Standard,Completed,Seattle,Visa
70015618,1012461,502027,1,49.99,0,2023-07-07,2023-07-12,Standard,Completed,Portland,Mastercard
70015619,1012462,502038,1,89.99,0,2023-07-08,2023-07-13,Expedited,Completed,San Francisco,Visa
70015620,1012463,502049,3,19.99,0,2023-07-09,2023-07-14,Standard,Completed,Los Angeles,PayPal
70015621,1012464,502060,1,34.99,0,2023-07-10,2023-07-15,Standard,Completed,Chicago,Visa
70015622,1012465,502071,1,44.99,0,2023-07-11,2023-07-16,Priority,Completed,Houston,Mastercard
70015623,1012467,502082,1,39.99,0,2023-07-12,2023-07-17,Standard,Completed,New York,Visa
70015624,1012468,502093,1,49.99,0,2023-07-13,2023-07-18,Standard,Completed,San Diego,PayPal
70015625,1012469,502104,1,59.99,0,2023-07-14,2023-07-19,Standard,Completed,Las Vegas,Visa
70015626,1012470,502115,1,29.99,0,2023-07-15,2023-07-20,Standard,Completed,Phoenix,Mastercard
70015627,1012472,502126,1,199.99,0,2023-07-16,2023-07-21,Expedited,Completed,Denver,Visa
70015628,1012456,502137,1,129.99,0,2023-07-17,2023-07-22,Standard,Completed,Edmonton,PayPal
70015629,1012457,502148,2,24.99,0,2023-07-18,2023-07-23,Standard,Completed,Calgary,Visa
70015630,1012458,502159,1,249.99,0,2023-07-19,2023-07-24,Priority,Completed,Toronto,Mastercard
70015631,1012459,502170,1,59.99,0,2023-07-20,2023-07-25,Standard,Completed,Vancouver,Visa
70015632,1012460,502181,1,349.99,0,2023-07-21,2023-07-26,Standard,Completed,Seattle,PayPal
70015633,1012461,502192,1,49.99,0,2023-07-22,2023-07-27,Standard,Completed,Portland,Visa
70015634,1012462,502203,1,89.99,0,2023-07-23,2023-07-28,Expedited,Completed,San Francisco,Mastercard
70015635,1012463,502214,2,19.99,0,2023-07-24,2023-07-29,Standard,Completed,Los Angeles,Visa
70015636,1012464,502225,1,34.99,0,2023-07-25,2023-07-30,Standard,Completed,Chicago,PayPal
70015637,1012465,502236,1,44.99,0,2023-07-26,2023-07-31,Priority,Completed,Houston,Visa
70015638,1012467,502247,1,39.99,0,2023-07-27,2023-08-01,Standard,Completed,New York,Mastercard
70015639,1012468,502258,1,49.99,0,2023-07-28,2023-08-02,Standard,Completed,San Diego,Visa
70015640,1012469,502269,1,59.99,0,2023-07-29,2023-08-03,Standard,Completed,Las Vegas,PayPal
70015641,1012470,502280,1,29.99,0,2023-07-30,2023-08-04,Standard,Completed,Phoenix,Visa
70015642,1012472,502291,1,199.99,0,2023-07-31,2023-08-05,Expedited,Completed,Denver,Mastercard
70015643,1012456,502302,1,129.99,0,2023-08-01,2023-08-06,Standard,Completed,Edmonton,Visa
70015644,1012457,502313,2,24.99,0,2023-08-02,2023-08-07,Standard,Completed,Calgary,PayPal
70015645,1012458,502324,1,249.99,0,2023-08-03,2023-08-08,Priority,Completed,Toronto,Visa
70015646,1012459,502335,1,59.99,0,2023-08-04,2023-08-09,Standard,Completed,Vancouver,Mastercard
70015647,1012460,502346,1,349.99,0,2023-08-05,2023-08-10,Standard,Completed,Seattle,Visa
70015648,1012461,502357,1,49.99,0,2023-08-06,2023-08-11,Standard,Completed,Portland,PayPal
70015649,1012462,502368,1,89.99,0,2023-08-07,2023-08-12,Expedited,Completed,San Francisco,Visa
70015650,1012463,502379,3,19.99,0,2023-08-08,2023-08-13,Standard,Completed,Los Angeles,Mastercard
70015651,1012464,502390,1,34.99,0,2023-08-09,2023-08-14,Standard,Completed,Chicago,Visa
70015652,1012465,502401,1,44.99,0,2023-08-10,2023-08-15,Priority,Completed,Houston,PayPal
70015653,1012467,502412,1,39.99,0,2023-08-11,2023-08-16,Standard,Completed,New York,Visa
70015654,1012468,502423,1,49.99,0,2023-08-12,2023-08-17,Standard,Completed,San Diego,Mastercard
70015655,1012469,502434,1,59.99,0,2023-08-13,2023-08-18,Standard,Completed,Las Vegas,Visa
70015656,1012470,502445,1,29.99,0,2023-08-14,2023-08-19,Standard,Completed,Phoenix,PayPal
70015657,1012472,502456,1,199.99,0,2023-08-15,2023-08-20,Expedited,Completed,Denver,Visa
70015658,1012456,502467,1,129.99,0,2023-08-16,2023-08-21,Standard,Completed,Edmonton,Mastercard
70015659,1012457,502478,2,24.99,0,2023-08-17,2023-08-22,Standard,Completed,Calgary,Visa
70015660,1012458,502489,1,249.99,0,2023-08-18,2023-08-23,Priority,Completed,Toronto,PayPal
70015661,1012459,502500,1,59.99,0,2023-08-19,2023-08-24,Standard,Completed,Vancouver,Visa
70015662,1012460,502511,1,349.99,0,2023-08-20,2023-08-25,Standard,Completed,Seattle,Mastercard
70015663,1012461,502522,1,49.99,0,2023-08-21,2023-08-26,Standard,Completed,Portland,Visa
70015664,1012462,502533,1,89.99,0,2023-08-22,2023-08-27,Expedited,Completed,San Francisco,PayPal
70015665,1012463,502544,2,19.99,0,2023-08-23,2023-08-28,Standard,Completed,Los Angeles,Visa
70015666,1012464,502555,1,34.99,0,2023-08-24,2023-08-29,Standard,Completed,Chicago,Mastercard
70015667,1012465,502566,1,44.99,0,2023-08-25,2023-08-30,Priority,Completed,Houston,Visa
70015668,1012467,502577,1,39.99,0,2023-08-26,2023-08-31,Standard,Completed,New York,PayPal
70015669,1012468,502588,1,49.99,0,2023-08-27,2023-09-01,Standard,Completed,San Diego,Visa
70015670,1012469,502599,1,59.99,0,2023-08-28,2023-09-02,Standard,Completed,Las Vegas,Mastercard
70015671,1012470,502610,1,29.99,0,2023-08-29,2023-09-03,Standard,Completed,Phoenix,Visa
70015672,1012472,502621,1,199.99,0,2023-08-30,2023-09-04,Expedited,Completed,Denver,PayPal
70015673,1012456,502632,1,129.99,0,2023-08-31,2023-09-05,Standard,Completed,Edmonton,Visa
70015674,1012457,502643,2,24.99,0,2023-09-01,2023-09-06,Standard,Completed,Calgary,Mastercard
70015675,1012458,502654,1,249.99,0,2023-09-02,2023-09-07,Priority,Completed,Toronto,Visa
70015676,1012459,502665,1,59.99,0,2023-09-03,2023-09-08,Standard,Completed,Vancouver,PayPal
70015677,1012460,502676,1,349.99,0,2023-09-04,2023-09-09,Standard,Completed,Seattle,Visa
70015678,1012461,502687,1,49.99,0,2023-09-05,2023-09-10,Standard,Completed,Portland,Mastercard
70015679,1012462,502698,1,89.99,0,2023-09-06,2023-09-11,Expedited,Completed,San Francisco,Visa
70015680,1012463,502709,3,19.99,0,2023-09-07,2023-09-12,Standard,Completed,Los Angeles,PayPal
70015681,1012464,502720,1,34.99,0,2023-09-08,2023-09-13,Standard,Completed,Chicago,Visa
70015682,1012465,502731,1,44.99,0,2023-09-09,2023-09-14,Priority,Completed,Houston,Mastercard
70015683,1012467,502742,1,39.99,0,2023-09-10,2023-09-15,Standard,Completed,New York,Visa
70015684,1012468,502753,1,49.99,0,2023-09-11,2023-09-16,Standard,Completed,San Diego,PayPal
70015685,1012469,502764,1,59.99,0,2023-09-12,2023-09-17,Standard,Completed,Las Vegas,Visa
70015686,1012470,502775,1,29.99,0,2023-09-13,2023-09-18,Standard,Completed,Phoenix,Mastercard
70015687,1012472,502786,1,199.99,0,2023-09-14,2023-09-19,Expedited,Completed,Denver,Visa
70015688,,,,,,,,,,,
70015688,1012456,502797,1,129.99,0,2023-09-15,2023-09-20,Standard,Completed,Edmonton,Visa
70015689,1012457,502808,2,24.99,0,2023-09-16,2023-09-21,Standard,Completed,Calgary,Mastercard
70015690,1012458,502819,1,249.99,0,2023-09-17,2023-09-22,Priority,Completed,Toronto,Visa
70015691,1012459,502830,1,59.99,0,2023-09-18,2023-09-23,Standard,Completed,Vancouver,PayPal
70015692,1012460,502841,1,349.99,0,2023-09-19,2023-09-24,Standard,Completed,Seattle,Visa
70015693,1012461,502852,1,49.99,0,2023-09-20,2023-09-25,Standard,Completed,Portland,Mastercard
70015694,1012462,502863,1,89.99,0,2023-09-21,2023-09-26,Expedited,Completed,San Francisco,Visa
70015695,1012463,502874,2,19.99,0,2023-09-22,2023-09-27,Standard,Completed,Los Angeles,PayPal
70015696,1012464,502885,1,34.99,0,2023-09-23,2023-09-28,Standard,Completed,Chicago,Visa
70015697,1012465,502896,1,44.99,0,2023-09-24,2023-09-29,Priority,Completed,Houston,Mastercard
70015698,1012467,502907,1,39.99,0,2023-09-25,2023-09-30,Standard,Completed,New York,Visa
70015699,1012468,502918,1,49.99,0,2023-09-26,2023-10-01,Standard,Completed,San Diego,PayPal
70015700,1012469,502929,1,59.99,0,2023-09-27,2023-10-02,Standard,Completed,Las Vegas,Visa
70015701,1012470,502940,1,29.99,0,2023-09-28,2023-10-03,Standard,Completed,Phoenix,Mastercard
70015702,1012472,502951,1,199.99,0,2023-09-29,2023-10-04,Expedited,Completed,Denver,Visa
70015703,1012456,502962,1,129.99,0,2023-09-30,2023-10-05,Standard,Completed,Edmonton,PayPal
70015704,1012457,502973,2,24.99,0,2023-10-01,2023-10-06,Standard,Completed,Calgary,Visa
70015705,1012458,502984,1,249.99,0,2023-10-02,2023-10-07,Priority,Completed,Toronto,Mastercard
70015706,1012459,502995,1,59.99,0,2023-10-03,2023-10-08,Standard,Completed,Vancouver,Visa
70015707,1012460,503006,1,349.99,0,2023-10-04,2023-10-09,Standard,Completed,Seattle,PayPal
70015708,1012461,503017,1,49.99,0,2023-10-05,2023-10-10,Standard,Completed,Portland,Visa
70015709,1012462,503028,1,89.99,0,2023-10-06,2023-10-11,Expedited,Completed,San Francisco,Mastercard
70015710,1012463,503039,3,19.99,0,2023-10-07,2023-10-12,Standard,Completed,Los Angeles,Visa
70015711,1012464,503050,1,34.99,0,2023-10-08,2023-10-13,Standard,Completed,Chicago,PayPal
70015712,1012465,503061,1,44.99,0,2023-10-09,2023-10-14,Priority,Completed,Houston,Visa
70015713,1012467,503072,1,39.99,0,2023-10-10,2023-10-15,Standard,Completed,New York,Mastercard
70015714,1012468,503083,1,49.99,0,2023-10-11,2023-10-16,Standard,Completed,San Diego,Visa
70015715,1012469,503094,1,59.99,0,2023-10-12,2023-10-17,Standard,Completed,Las Vegas,PayPal
70015716,1012470,503105,1,29.99,0,2023-10-13,2023-10-18,Standard,Completed,Phoenix,Visa
70015717,1012472,503116,1,199.99,0,2023-10-14,2023-10-19,Expedited,Completed,Denver,Mastercard
70015718,1012456,503127,1,129.99,0,2023-10-15,2023-10-20,Standard,Completed,Edmonton,Visa
70015719,1012457,503138,2,24.99,0,2023-10-16,2023-10-21,Standard,Completed,Calgary,PayPal
70015720,1012458,503149,1,249.99,0,2023-10-17,2023-10-22,Priority,Completed,Toronto,Visa
70015721,1012459,503160,1,59.99,0,2023-10-18,2023-10-23,Standard,Completed,Vancouver,Mastercard
70015722,1012460,503171,1,349.99,0,2023-10-19,2023-10-24,Standard,Completed,Seattle,Visa
70015723,1012461,503182,1,49.99,0,2023-10-20,2023-10-25,Standard,Completed,Portland,PayPal
70015724,1012462,503193,1,89.99,0,2023-10-21,2023-10-26,Expedited,Completed,San Francisco,Visa
70015725,1012463,503204,2,19.99,0,2023-10-22,2023-10-27,Standard,Completed,Los Angeles,Mastercard
70015726,1012464,503215,1,34.99,0,2023-10-23,2023-10-28,Standard,Completed,Chicago,Visa
70015727,1012465,503226,1,44.99,0,2023-10-24,2023-10-29,Priority,Completed,Houston,PayPal
70015728,1012467,503237,1,39.99,0,2023-10-25,2023-10-30,Standard,Completed,New York,Visa
70015729,1012468,503248,1,49.99,0,2023-10-26,2023-10-31,Standard,Completed,San Diego,Mastercard
70015730,1012469,503259,1,59.99,0,2023-10-27,2023-11-01,Standard,Completed,Las Vegas,Visa
70015731,1012470,503270,1,29.99,0,2023-10-28,2023-11-02,Standard,Completed,Phoenix,PayPal
70015732,1012472,503281,1,199.99,0,2023-10-29,2023-11-03,Expedited,Completed,Denver,Visa
70015733,1012456,503292,1,129.99,0,2023-10-30,2023-11-04,Standard,Completed,Edmonton,Mastercard
70015734,1012457,503303,2,24.99,0,2023-10-31,2023-11-05,Standard,Completed,Calgary,Visa
70015735,1012458,503314,1,249.99,0,2023-11-01,2023-11-06,Priority,Completed,Toronto,PayPal
70015736,1012459,503325,1,59.99,0,2023-11-02,2023-11-07,Standard,Completed,Vancouver,Visa
70015737,1012460,503336,1,349.99,0,2023-11-03,2023-11-08,Standard,Completed,Seattle,Mastercard
70015738,1012461,503347,1,49.99,0,2023-11-04,2023-11-09,Standard,Completed,Portland,Visa
70015739,1012462,503358,1,89.99,0,2023-11-05,2023-11-10,Expedited,Completed,San Francisco,PayPal
70015740,1012463,503369,3,19.99,0,2023-11-06,2023-11-11,Standard,Completed,Los Angeles,Visa
70015741,1012464,503380,1,34.99,0,2023-11-07,2023-11-12,Standard,Completed,Chicago,Mastercard
70015742,1012465,503391,1,44.99,0,2023-11-08,2023-11-13,Priority,Completed,Houston,Visa
70015743,1012467,503402,1,39.99,0,2023-11-09,2023-11-14,Standard,Completed,New York,PayPal
70015744,1012468,503413,1,49.99,0,2023-11-10,2023-11-15,Standard,Completed,San Diego,Visa
70015745,1012469,503424,1,59.99,0,2023-11-11,2023-11-16,Standard,Completed,Las Vegas,Mastercard
70015746,1012470,503435,1,29.99,0,2023-11-12,2023-11-17,Standard,Completed,Phoenix,Visa
70015747,1012472,503446,1,199.99,0,2023-11-13,2023-11-18,Expedited,Completed,Denver,PayPal
70015748,1012456,503457,1,129.99,0,2023-11-14,2023-11-19,Standard,Completed,Edmonton,Visa
70015749,1012457,503468,2,24.99,0,2023-11-15,2023-11-20,Standard,Completed,Calgary,Mastercard
70015750,1012458,503479,1,249.99,0,2023-11-16,2023-11-21,Priority,Completed,Toronto,Visa
70015751,1012459,503490,1,59.99,0,2023-11-17,2023-11-22,Standard,Completed,Vancouver,PayPal
70015752,1012460,503501,1,349.99,0,2023-11-18,2023-11-23,Standard,Completed,Seattle,Visa
70015753,1012461,503512,1,49.99,0,2023-11-19,2023-11-24,Standard,Completed,Portland,Mastercard
70015754,1012462,503523,1,89.99,0,2023-11-20,2023-11-25,Expedited,Completed,San Francisco,Visa
70015755,1012463,503534,2,19.99,0,2023-11-21,2023-11-26,Standard,Completed,Los Angeles,PayPal
70015756,1012464,503545,1,34.99,0,2023-11-22,2023-11-27,Standard,Completed,Chicago,Visa
70015757,1012465,503556,1,44.99,0,2023-11-23,2023-11-28,Priority,Completed,Houston,Mastercard
70015758,1012467,503567,1,39.99,0,2023-11-24,2023-11-29,Standard,Completed,New York,Visa
70015759,1012468,503578,1,49.99,0,2023-11-25,2023-11-30,Standard,Completed,San Diego,PayPal
70015760,1012469,503589,1,59.99,0,2023-11-26,2023-12-01,Standard,Completed,Las Vegas,Visa
70015761,1012470,503600,1,29.99,0,2023-11-27,2023-12-02,Standard,Completed,Phoenix,Mastercard
70015762,1012472,503611,1,199.99,0,2023-11-28,2023-12-03,Expedited,Completed,Denver,Visa
70015763,1012456,503622,1,129.99,0,2023-11-29,2023-12-04,Standard,Completed,Edmonton,PayPal
70015764,1012457,503633,2,24.99,0,2023-11-30,2023-12-05,Standard,Completed,Calgary,Visa
70015765,1012458,503644,1,249.99,0,2023-12-01,2023-12-06,Priority,Completed,Toronto,Mastercard
70015766,1012459,503655,1,59.99,0,2023-12-02,2023-12-07,Standard,Completed,Vancouver,Visa
70015767,1012460,503666,1,349.99,0,2023-12-03,2023-12-08,Standard,Completed,Seattle,PayPal
70015768,1012461,503677,1,49.99,0,2023-12-04,2023-12-09,Standard,Completed,Portland,Visa
70015769,1012462,503688,1,89.99,0,2023-12-05,2023-12-10,Expedited,Completed,San Francisco,Mastercard
70015770,1012463,503699,3,19.99,0,2023-12-06,2023-12-11,Standard,Completed,Los Angeles,Visa
70015771,1012464,503710,1,34.99,0,2023-12-07,2023-12-12,Standard,Completed,Chicago,PayPal
70015772,1012465,503721,1,44.99,0,2023-12-08,2023-12-13,Priority,Completed,Houston,Visa
70015773,1012467,503732,1,39.99,0,2023-12-09,2023-12-14,Standard,Completed,New York,Mastercard
70015774,1012468,503743,1,49.99,0,2023-12-10,2023-12-15,Standard,Completed,San Diego,Visa
70015775,1012469,503754,1,59.99,0,2023-12-11,2023-12-16,Standard,Completed,Las Vegas,PayPal
70015776,1012470,503765,1,29.99,0,2023-12-12,2023-12-17,Standard,Completed,Phoenix,Visa
70015777,1012472,503776,1,199.99,0,2023-12-13,2023-12-18,Expedited,Completed,Denver,Mastercard
70015778,1012456,503787,1,129.99,0,2023-12-14,2023-12-19,Standard,Completed,Edmonton,Visa
70015779,1012457,503798,2,24.99,0,2023-12-15,2023-12-20,Standard,Completed,Calgary,PayPal
70015780,1012458,503809,1,249.99,0,2023-12-16,2023-12-21,Priority,Completed,Toronto,Visa
70015781,1012459,503820,1,59.99,0,2023-12-17,2023-12-22,Standard,Completed,Vancouver,Mastercard
70015782,1012460,503831,1,,,,,,,,
70015782,1012460,503831,1,349.99,0,2023-12-18,2023-12-23,Standard,Completed,Seattle,PayPal
70015783,1012461,503842,1,49.99,0,2023-12-19,2023-12-24,Standard,Completed,Portland,Visa
70015784,1012462,503853,1,89.99,0,2023-12-20,2023-12-25,Expedited,Completed,San Francisco,Mastercard
70015785,1012463,503864,2,19.99,0,2023-12-21,2023-12-26,Standard,Completed,Los Angeles,Visa
70015786,1012464,503875,1,34.99,0,2023-12-22,2023-12-27,Standard,Completed,Chicago,PayPal
70015787,1012465,503886,1,44.99,0,2023-12-23,2023-12-28,Priority,Completed,Houston,Visa
70015788,1012467,503897,1,39.99,0,2023-12-24,2023-12-29,Standard,Completed,New York,Mastercard
70015789,1012468,503908,1,49.99,0,2023-12-25,2023-12-30,Standard,Completed,San Diego,Visa
70015790,1012469,503919,1,59.99,0,2023-12-26,2023-12-31,Standard,Completed,Las Vegas,PayPal
70015791,1012470,503930,1,29.99,0,2023-12-27,2024-01-01,Standard,Completed,Phoenix,Visa
70015792,1012472,503941,1,199.99,0,2023-12-28,2024-01-02,Expedited,Completed,Denver,Mastercard
70015793,1012456,503952,1,129.99,0,2023-12-29,2024-01-03,Standard,Completed,Edmonton,Visa
70015794,1012457,503963,2,24.99,0,2023-12-30,2024-01-04,Standard,Completed,Calgary,PayPal
70015795,1012458,503974,1,249.99,0,2023-12-31,2024-01-05,Priority,Completed,Toronto,Visa
70015796,1012459,503985,1,59.99,0,2024-01-01,2024-01-06,Standard,Completed,Vancouver,Mastercard
70015797,1012460,503996,1,349.99,0,2024-01-02,2024-01-07,Standard,Completed,Seattle,Visa
70015798,1012461,504007,1,49.99,0,2024-01-03,2024-01-08,Standard,Completed,Portland,PayPal
70015799,1012462,504018,1,89.99,0,2024-01-04,2024-01-09,Expedited,Completed,San Francisco,Visa
70015800,1012463,504029,3,19.99,0,2024-01-05,2024-01-10,Standard,Completed,Los Angeles,Mastercard
70015801,1012464,504040,1,34.99,0,2024-01-06,2024-01-11,Standard,Completed,Chicago,Visa
70015802,1012465,504051,1,44.99,0,2024-01-07,2024-01-12,Priority,Completed,Houston,PayPal
70015803,1012467,504062,1,39.99,0,2024-01-08,2024-01-13,Standard,Completed,New York,Visa
70015804,1012468,504073,1,49.99,0,2024-01-09,2024-01-14,Standard,Completed,San Diego,Mastercard
70015805,1012469,504084,1,59.99,0,2024-01-10,2024-01-15,Standard,Completed,Las Vegas,Visa
70015806,1012470,504095,1,29.99,0,2024-01-11,2024-01-16,Standard,Completed,Phoenix,PayPal
70015807,1012472,504106,1,199.99,0,2024-01-12,2024-01-17,Expedited,Completed,Denver,Visa
70015808,1012456,504117,1,129.99,0,2024-01-13,2024-01-18,Standard,Completed,Edmonton,Mastercard
70015809,1012457,504128,2,24.99,0,2024-01-14,2024-01-19,Standard,Completed,Calgary,Visa
70015810,1012458,504139,1,249.99,0,2024-01-15,2024-01-20,Priority,Completed,Toronto,PayPal
70015811,1012459,504150,1,59.99,0,2024-01-16,2024-01-21,Standard,Completed,Vancouver,Visa
70015812,1012460,504161,1,349.99,0,2024-01-17,2024-01-22,Standard,Completed,Seattle,Mastercard
70015813,1012461,504172,1,49.99,0,2024-01-18,2024-01-23,Standard,Completed,Portland,Visa
70015814,1012462,504183,1,89.99,0,2024-01-19,2024-01-24,Expedited,Completed,San Francisco,PayPal
70015815,1012463,504194,2,19.99,0,2024-01-20,2024-01-25,Standard,Completed,Los Angeles,Visa
70015816,1012464,504205,1,34.99,0,2024-01-21,2024-01-26,Standard,Completed,Chicago,Mastercard
70015817,1012465,504216,1,44.99,0,2024-01-22,2024-01-27,Priority,Completed,Houston,Visa
70015818,1012467,504227,1,39.99,0,2024-01-23,2024-01-28,Standard,Completed,New York,PayPal
70015819,1012468,504238,1,49.99,0,2024-01-24,2024-01-29,Standard,Completed,San Diego,Visa
70015820,1012469,504249,1,59.99,0,2024-01-25,2024-01-30,Standard,Completed,Las Vegas,Mastercard
70015821,1012470,504260,1,29.99,0,2024-01-26,2024-01-31,Standard,Completed,Phoenix,Visa
70015822,1012472,504271,1,199.99,0,2024-01-27,2024-02-01,Expedited,Completed,Denver,PayPal
70015823,1012456,504282,1,129.99,0,2024-01-28,2024-02-02,Standard,Completed,Edmonton,Visa
70015824,1012457,504293,2,24.99,0,2024-01-29,2024-02-03,Standard,Completed,Calgary,Mastercard
70015825,1012458,504304,1,249.99,0,2024-01-30,2024-02-04,Priority,Completed,Toronto,Visa
70015826,1012459,504315,1,59.99,0,2024-01-31,2024-02-05,Standard,Completed,Vancouver,PayPal
70015827,1012460,504326,1,349.99,0,2024-02-01,2024-02-06,Standard,Completed,Seattle,Visa
70015828,1012461,504337,1,49.99,0,2024-02-02,2024-02-07,Standard,Completed,Portland,Mastercard
70015829,1012462,504348,1,89.99,0,2024-02-03,2024-02-08,Expedited,Completed,San Francisco,Visa
70015830,1012463,504359,3,19.99,0,2024-02-04,2024-02-09,Standard,Completed,Los Angeles,PayPal
70015831,1012464,504370,1,34.99,0,2024-02-05,2024-02-10,Standard,Completed,Chicago,Visa
70015832,1012465,504381,1,44.99,0,2024-02-06,2024-02-11,Priority,Completed,Houston,Mastercard
70015833,1012467,504392,1,39.99,0,2024-02-07,2024-02-12,Standard,Completed,New York,Visa
70015834,1012468,504403,1,49.99,0,2024-02-08,2024-02-13,Standard,Completed,San Diego,PayPal
70015835,1012469,504414,1,59.99,0,2024-02-09,2024-02-14,Standard,Completed,Las Vegas,Visa
70015836,1012470,504425,1,29.99,0,2024-02-10,2024-02-15,Standard,Completed,Phoenix,Mastercard
70015837,1012472,504436,1,199.99,0,2024-02-11,2024-02-16,Expedited,Completed,Denver,Visa
70015838,1012456,504447,1,129.99,0,2024-02-12,2024-02-17,Standard,Completed,Edmonton,PayPal
70015839,1012457,504458,2,24.99,0,2024-02-13,2024-02-18,Standard,Completed,Calgary,Visa
70015840,1012458,504469,1,249.99,0,2024-02-14,2024-02-19,Priority,Completed,Toronto,Mastercard
70015841,1012459,504480,1,59.99,0,2024-02-15,2024-02-20,Standard,Completed,Vancouver,Visa
70015842,1012460,504491,1,349.99,0,2024-02-16,2024-02-21,Standard,Completed,Seattle,PayPal
70015843,1012461,504502,1,49.99,0,2024-02-17,2024-02-22,Standard,Completed,Portland,Visa
70015844,1012462,504513,1,89.99,0,2024-02-18,2024-02-23,Expedited,Completed,San Francisco,Mastercard
70015845,1012463,504524,2,19.99,0,2024-02-19,2024-02-24,Standard,Completed,Los Angeles,Visa
70015846,1012464,504535,1,34.99,0,2024-02-20,2024-02-25,Standard,Completed,Chicago,PayPal
70015847,1012465,504546,1,44.99,0,2024-02-21,2024-02-26,Priority,Completed,Houston,Visa
70015848,1012467,504557,1,39.99,0,2024-02-22,2024-02-27,Standard,Completed,New York,Mastercard
70015849,1012468,504568,1,49.99,0,2024-02-23,2024-02-28,Standard,Completed,San Diego,Visa
70015850,1012469,504579,1,59.99,0,2024-02-24,2024-02-29,Standard,Completed,Las Vegas,PayPal
70015851,1012470,504590,1,29.99,0,2024-02-25,2024-03-01,Standard,Completed,Phoenix,Visa
70015852,1012472,504601,1,199.99,0,2024-02-26,2024-03-02,Expedited,Completed,Denver,Mastercard
70015853,1012456,504612,1,129.99,0,2024-02-27,2024-03-03,Standard,Completed,Edmonton,Visa
70015854,1012457,504623,2,24.99,0,2024-02-28,2024-03-04,Standard,Completed,Calgary,PayPal
70015855,1012458,504634,1,249.99,0,2024-02-29,2024-03-05,Priority,Completed,Toronto,Visa
70015856,1012459,504645,1,59.99,0,2024-03-01,2024-03-06,Standard,Completed,Vancouver,Mastercard
70015857,1012460,504656,1,349.99,0,2024-03-02,2024-03-07,Standard,Completed,Seattle,Visa
70015858,1012461,504667,1,49.99,0,2024-03-03,2024-03-08,Standard,Completed,Portland,PayPal
70015859,1012462,504678,1,89.99,0,2024-03-04,2024-03-09,Expedited,Completed,San Francisco,Visa
70015860,1012463,504689,3,19.99,0,2024-03-05,2024-03-10,Standard,Completed,Los Angeles,Mastercard
70015861,1012464,504700,1,34.99,0,2024-03-06,2024-03-11,Standard,Completed,Chicago,Visa
70015862,1012465,504711,1,44.99,0,2024-03-07,2024-03-12,Priority,Completed,Houston,PayPal
70015863,1012467,504722,1,39.99,0,2024-03-08,2024-03-13,Standard,Completed,New York,Visa
70015864,1012468,504733,1,49.99,0,2024-03-09,2024-03-14,Standard,Completed,San Diego,Mastercard
70015865,1012469,504744,1,59.99,0,2024-03-10,2024-03-15,Standard,Completed,Las Vegas,Visa
70015866,1012470,504755,1,29.99,0,2024-03-11,2024-03-16,Standard,Completed,Phoenix,PayPal
70015867,1012472,504766,1,199.99,0,2024-03-12,2024-03-17,Expedited,Completed,Denver,Visa
70015868,1012456,504777,1,129.99,0,2024-03-13,2024-03-18,Standard,Completed,Edmonton,Visa
70015869,1012457,504788,2,24.99,0,2024-03-14,2024-03-19,Standard,Completed,Calgary,Mastercard
70015870,1012458,504799,1,249.99,0,2024-03-15,2024-03-20,Priority,Completed,Toronto,Visa
70015871,1012459,504810,1,59.99,0,2024-03-16,2024-03-21,Standard,Completed,Vancouver,PayPal
70015872,1012460,504821,1,349.99,0,2024-03-17,2024-03-22,Standard,Completed,Seattle,Visa
70015873,1012461,504832,1,49.99,0,2024-03-18,2024-03-23,Standard,Completed,Portland,Mastercard
70015874,1012462,504843,1,89.99,0,2024-03-19,2024-03-24,Expedited,Completed,San Francisco,Visa
70015875,1012463,504854,3,19.99,0,2024-03-20,2024-03-25,Standard,Completed,Los Angeles,PayPal
70015876,1012464,504865,1,34.99,0,2024-03-21,2024-03-26,Standard,Completed,Chicago,Visa
70015877,1012465,504876,1,44.99,0,2024-03-22,2024-03-27,Priority,Completed,Houston,Mastercard
70015878,1012467,504887,1,39.99,0,2024-03-23,2024-03-28,Standard,Completed,New York,Visa
70015879,1012468,504898,1,49.99,0,2024-03-24,2024-03-29,Standard,Completed,San Diego,PayPal
70015880,1012469,504909,1,59.99,0,2024-03-25,2024-03-30,Standard,Completed,Las Vegas,Visa
70015881,1012470,504920,1,29.99,0,2024-03-26,2024-03-31,Standard,Completed,Phoenix,Mastercard
70015882,1012472,504931,1,199.99,0,2024-03-27,2024-04-01,Expedited,Completed,Denver,Visa
70015883,1012456,504942,1,129.99,0,2024-03-28,2024-04-02,Standard,Completed,Edmonton,PayPal
70015884,1012457,504953,2,24.99,0,2024-03-29,2024-04-03,Standard,Completed,Calgary,Visa
70015885,1012458,504964,1,249.99,0,2024-03-30,2024-04-04,Priority,Completed,Toronto,Mastercard
70015886,1012459,504975,1,59.99,0,2024-03-31,2024-04-05,Standard,Completed,Vancouver,Visa
70015887,1012460,504986,1,349.99,0,2024-04-01,2024-04-06,Standard,Completed,Seattle,PayPal
70015888,1012461,504997,1,49.99,0,2024-04-02,2024-04-07,Standard,Completed,Portland,Visa
70015889,1012462,505008,1,89.99,0,2024-04-03,2024-04-08,Expedited,Completed,San Francisco,Mastercard
70015890,1012463,505019,2,19.99,0,2024-04-04,2024-04-09,Standard,Completed,Los Angeles,Visa
70015891,1012464,505030,1,34.99,0,2024-04-05,2024-04-10,Standard,Completed,Chicago,PayPal
70015892,1012465,505041,1,44.99,0,2024-04-06,2024-04-11,Priority,Completed,Houston,Visa
70015893,1012467,505052,1,39.99,0,2024-04-07,2024-04-12,Standard,Completed,New York,Mastercard
70015894,1012468,505063,1,49.99,0,2024-04-08,2024-04-13,Standard,Completed,San Diego,Visa
70015895,1012469,505074,1,59.99,0,2024-04-09,2024-04-14,Standard,Completed,Las Vegas,PayPal
70015896,1012470,505085,1,29.99,0,2024-04-10,2024-04-15,Standard,Completed,Phoenix,Visa
70015897,1012472,505096,1,199.99,0,2024-04-11,2024-04-16,Expedited,Completed,Denver,Mastercard
70015898,1012456,505107,1,129.99,0,2024-04-12,2024-04-17,Standard,Completed,Edmonton,Visa
70015899,1012457,505118,2,24.99,0,2024-04-13,2024-04-18,Standard,Completed,Calgary,PayPal
70015900,1012458,505129,1,249.99,0,2024-04-14,2024-04-19,Priority,Completed,Toronto,Visa
70015901,1012459,505140,1,59.99,0,2024-04-15,2024-04-20,Standard,Completed,Vancouver,Mastercard
70015902,1012460,505151,1,349.99,0,2024-04-16,2024-04-21,Standard,Completed,Seattle,Visa
70015903,1012461,505162,1,49.99,0,2024-04-17,2024-04-22,Standard,Completed,Portland,PayPal
70015904,1012462,505173,1,89.99,0,2024-04-18,2024-04-23,Expedited,Completed,San Francisco,Visa
70015905,1012463,505184,3,19.99,0,2024-04-19,2024-04-24,Standard,Completed,Los Angeles,Mastercard
70015906,1012464,505195,1,34.99,0,2024-04-20,2024-04-25,Standard,Completed,Chicago,Visa
70015907,1012465,505206,1,44.99,0,2024-04-21,2024-04-26,Priority,Completed,Houston,PayPal
70015908,1012467,505217,1,39.99,0,2024-04-22,2024-04-27,Standard,Completed,New York,Visa
70015909,1012468,505228,1,49.99,0,2024-04-23,2024-04-28,Standard,Completed,San Diego,Mastercard
70015910,1012469,505239,1,59.99,0,2024-04-24,2024-04-29,Standard,Completed,Las Vegas,Visa
70015911,1012470,505250,1,29.99,0,2024-04-25,2024-04-30,Standard,Completed,Phoenix,PayPal
70015912,1012472,505261,1,199.99,0,2024-04-26,2024-05-01,Expedited,Completed,Denver,Visa
70015913,1012456,505272,1,129.99,0,2024-04-27,2024-05-02,Standard,Completed,Edmonton,Mastercard
70015914,1012457,505283,2,24.99,0,2024-04-28,2024-05-03,Standard,Completed,Calgary,Visa
70015915,1012458,505294,1,249.99,0,2024-04-29,2024-05-04,Priority,Completed,Toronto,PayPal
70015916,1012459,505305,1,59.99,0,2024-04-30,2024-05-05,Standard,Completed,Vancouver,Visa
70015917,1012460,505316,1,349.99,0,2024-05-01,2024-05-06,Standard,Completed,Seattle,Mastercard
70015918,1012461,505327,1,49.99,0,2024-05-02,2024-05-07,Standard,Completed,Portland,Visa
70015919,1012462,505338,1,89.99,0,2024-05-03,2024-05-08,Expedited,Completed,San Francisco,PayPal
70015920,1012463,505349,2,19.99,0,2024-05-04,2024-05-09,Standard,Completed,Los Angeles,Visa
70015921,1012464,505360,1,34.99,0,2024-05-05,2024-05-10,Standard,Completed,Chicago,Mastercard
70015922,1012465,505371,1,44.99,0,2024-05-06,2024-05-11,Priority,Completed,Houston,Visa
70015923,1012467,505382,1,39.99,0,2024-05-07,2024-05-12,Standard,Completed,New York,PayPal
70015924,1012468,505393,1,49.99,0,2024-05-08,2024-05-13,Standard,Completed,San Diego,Visa
70015925,1012469,505404,1,59.99,0,2024-05-09,2024-05-14,Standard,Completed,Las Vegas,Mastercard
70015926,1012470,505415,1,29.99,0,2024-05-10,2024-05-15,Standard,Completed,Phoenix,Visa
70015927,1012472,505426,1,199.99,0,2024-05-11,2024-05-16,Expedited,Completed,Denver,PayPal
70015928,1012456,505437,1,129.99,0,2024-05-12,2024-05-17,Standard,Completed,Edmonton,Visa
70015929,1012457,505448,2,24.99,0,2024-05-13,2024-05-18,Standard,Completed,Calgary,Mastercard
70015930,1012458,505459,1,249.99,0,2024-05-14,2024-05-19,Priority,Completed,Toronto,Visa
70015931,1012459,505470,1,59.99,0,2024-05-15,2024-05-20,Standard,Completed,Vancouver,PayPal
70015932,1012460,505481,1,349.99,0,2024-05-16,2024-05-21,Standard,Completed,Seattle,Visa
70015933,1012461,505492,1,49.99,0,2024-05-17,2024-05-22,Standard,Completed,Portland,Mastercard
70015934,1012462,505503,1,89.99,0,2024-05-18,2024-05-23,Expedited,Completed,San Francisco,Visa
70015935,1012463,505514,3,19.99,0,2024-05-19,2024-05-24,Standard,Completed,Los Angeles,PayPal
70015936,1012464,505525,1,34.99,0,2024-05-20,2024-05-25,Standard,Completed,Chicago,Visa
70015937,1012465,505536,1,44.99,0,2024-05-21,2024-05-26,Priority,Completed,Houston,Mastercard
70015938,1012467,505547,1,39.99,0,2024-05-22,2024-05-27,Standard,Completed,New York,Visa
70015939,1012468,505558,1,49.99,0,2024-05-23,2024-05-28,Standard,Completed,San Diego,PayPal
70015940,1012469,505569,1,59.99,0,2024-05-24,2024-05-29,Standard,Completed,Las Vegas,Visa
70015941,1012470,505580,1,29.99,0,2024-05-25,2024-05-30,Standard,Completed,Phoenix,Mastercard
70015942,1012472,505591,1,199.99,0,2024-05-26,2024-05-31,Expedited,Completed,Denver,Visa
70015943,1012456,505602,1,129.99,0,2024-05-27,2024-06-01,Standard,Completed,Edmonton,PayPal
70015944,1012457,505613,2,24.99,0,2024-05-28,2024-06-02,Standard,Completed,Calgary,Visa
70015945,1012458,505624,1,249.99,0,2024-05-29,2024-06-03,Priority,Completed,Toronto,Mastercard
70015946,1012459,505635,1,59.99,0,2024-05-30,2024-06-04,Standard,Completed,Vancouver,Visa
70015947,1012460,505646,1,349.99,0,2024-05-31,2024-06-05,Standard,Completed,Seattle,PayPal
70015948,1012461,505657,1,49.99,0,2024-06-01,2024-06-06,Standard,Completed,Portland,Visa
70015949,1012462,505668,1,89.99,0,2024-06-02,2024-06-07,Expedited,Completed,San Francisco,Mastercard
70015950,1012463,505679,2,19.99,0,2024-06-03,2024-06-08,Standard,Completed,Los Angeles,Visa
70015951,1012464,505690,1,34.99,0,2024-06-04,2024-06-09,Standard,Completed,Chicago,Mastercard
70015952,1012465,505701,1,44.99,0,2024-06-05,2024-06-10,Priority,Completed,Houston,Visa
70015953,1012467,505712,1,39.99,0,2024-06-06,2024-06-11,Standard,Completed,New York,PayPal
70015954,1012468,505723,1,49.99,0,2024-06-07,2024-06-12,Standard,Completed,San Diego,Visa
70015955,1012469,505734,1,59.99,0,2024-06-08,2024-06-13,Standard,Completed,Las Vegas,Mastercard
70015956,1012470,505745,1,29.99,0,2024-06-09,2024-06-14,Standard,Completed,Phoenix,PayPal
70015957,1012472,505756,1,199.99,0,2024-06-10,2024-06-15,Expedited,Completed,Denver,Visa
70015958,1012456,505767,1,129.99,0,2024-06-11,2024-06-16,Standard,Completed,Edmonton,Mastercard
70015959,1012457,505778,2,24.99,0,2024-06-12,2024-06-17,Standard,Completed,Calgary,Visa
70015960,1012458,505789,1,249.99,0,2024-06-13,2024-06-18,Priority,Completed,Toronto,PayPal
70015961,1012459,505800,1,59.99,0,2024-06-14,2024-06-19,Standard,Completed,Vancouver,Visa
70015962,1012460,505811,1,349.99,0,2024-06-15,2024-06-20,Standard,Completed,Seattle,Mastercard
70015963,1012461,505822,1,49.99,0,2024-06-16,2024-06-21,Standard,Completed,Portland,Visa
70015964,1012462,505833,1,89.99,0,2024-06-17,2024-06-22,Expedited,Completed,San Francisco,PayPal
70015965,1012463,505844,3,19.99,0,2024-06-18,2024-06-23,Standard,Completed,Los Angeles,Visa
70015966,1012464,505855,1,34.99,0,2024-06-19,2024-06-24,Standard,Completed,Chicago,Mastercard
70015967,1012465,505866,1,44.99,0,2024-06-20,2024-06-25,Priority,Completed,Houston,Visa
70015968,1012467,505877,1,39.99,0,2024-06-21,2024-06-26,Standard,Completed,New York,PayPal
70015969,1012468,505888,1,49.99,0,2024-06-22,2024-06-27,Standard,Completed,San Diego,Visa
70015970,1012469,505899,1,59.99,0,2024-06-23,2024-06-28,Standard,Completed,Las Vegas,Mastercard
70015971,1012470,505910,1,29.99,0,2024-06-24,2024-06-29,Standard,Completed,Phoenix,Visa
70015972,1012472,505921,1,199.99,0,2024-06-25,2024-06-30,Expedited,Completed,Denver,PayPal
70015973,1012456,505932,1,129.99,0,2024-06-26,2024-07-01,Standard,Completed,Edmonton,Visa
70015974,1012457,505943,2,24.99,0,2024-06-27,2024-07-02,Standard,Completed,Calgary,Mastercard
70015975,1012458,505954,1,249.99,0,2024-06-28,2024-07-03,Priority,Completed,Toronto,Visa
70015976,1012459,505965,1,59.99,0,2024-06-29,2024-07-04,Standard,Completed,Vancouver,PayPal
70015977,1012460,505976,1,349.99,0,2024-06-30,2024-07-05,Standard,Completed,Seattle,Visa
70015978,1012461,505987,1,49.99,0,2024-07-01,2024-07-06,Standard,Completed,Portland,Mastercard
70015979,1012462,505998,1,89.99,0,2024-07-02,2024-07-07,Expedited,Completed,San Francisco,Visa
70015980,1012463,506009,2,19.99,0,2024-07-03,2024-07-08,Standard,Completed,Los Angeles,PayPal
70015981,1012464,506020,1,34.99,0,2024-07-04,2024-07-09,Standard,Completed,Chicago,Visa
70015982,1012465,506031,1,44.99,0,2024-07-05,2024-07-10,Priority,Completed,Houston,Mastercard
70015983,1012467,506042,1,39.99,0,2024-07-06,2024-07-11,Standard,Completed,New York,Visa
70015984,1012468,506053,1,49.99,0,2024-07-07,2024-07-12,Standard,Completed,San Diego,PayPal
70015985,1012469,506064,1,59.99,0,2024-07-08,2024-07-13,Standard,Completed,Las Vegas,Visa
70015986,1012470,506075,1,29.99,0,2024-07-09,2024-07-14,Standard,Completed,Phoenix,Mastercard
70015987,1012472,506086,1,199.99,0,2024-07-10,2024-07-15,Expedited,Completed,Denver,Visa
70015988,1012456,506097,1,129.99,0,2024-07-11,2024-07-16,Standard,Completed,Edmonton,PayPal
70015989,1012457,506108,2,24.99,0,2024-07-12,2024-07-17,Standard,Completed,Calgary,Visa
70015990,1012458,506119,1,249.99,0,2024-07-13,2024-07-18,Priority,Completed,Toronto,Mastercard
70015991,1012459,506130,1,59.99,0,2024-07-14,2024-07-19,Standard,Completed,Vancouver,Visa
70015992,1012460,506141,1,349.99,0,2024-07-15,2024-07-20,Standard,Completed,Seattle,PayPal
70015993,1012461,506152,1,49.99,0,2024-07-16,2024-07-21,Standard,Completed,Portland,Visa
70015994,1012462,506163,1,89.99,0,2024-07-17,2024-07-22,Expedited,Completed,San Francisco,Mastercard
70015995,1012463,506174,3,19.99,0,2024-07-18,2024-07-23,Standard,Completed,Los Angeles,PayPal
70015996,1012464,506185,1,34.99,0,2024-07-19,2024-07-24,Standard,Completed,Chicago,Visa
70015997,1012465,506196,1,44.99,0,2024-07-20,2024-07-25,Priority,Completed,Houston,Mastercard
70015998,1012467,506207,1,39.99,0,2024-07-21,2024-07-26,Standard,Completed,New York,Visa
70015999,1012468,506218,1,49.99,0,2024-07-22,2024-07-27,Standard,Completed,San Diego,PayPal
70016000,1012469,506229,1,59.99,0,2024-07-23,2024-07-28,Standard,Completed,Las Vegas,Visa
70016001,1012470,506240,1,29.99,0,2024-07-24,2024-07-29,Standard,Completed,Phoenix,Mastercard
70016002,1012472,506251,1,199.99,0,2024-07-25,2024-07-30,Expedited,Completed,Denver,Visa
70016003,1012456,506262,1,129.99,0,2024-07-26,2024-07-31,Standard,Completed,Edmonton,PayPal
70016004,1012457,506273,2,24.99,0,2024-07-27,2024-08-01,Standard,Completed,Calgary,Visa
70016005,1012458,506284,1,249.99,0,2024-07-28,2024-08-02,Priority,Completed,Toronto,Mastercard
70016006,1012459,506295,1,59.99,0,2024-07-29,2024-08-03,Standard,Completed,Vancouver,Visa
70016007,1012460,506306,1,349.99,0,2024-07-30,2024-08-04,Standard,Completed,Seattle,PayPal
70016008,1012461,506317,1,49.99,0,2024-07-31,2024-08-05,Standard,Completed,Portland,Visa
70016009,1012462,506328,1,89.99,0,2024-08-01,2024-08-06,Expedited,Completed,San Francisco,Mastercard
70016010,1012463,506339,2,19.99,0,2024-08-02,2024-08-07,Standard,Completed,Los Angeles,PayPal
70016011,1012464,506350,1,34.99,0,2024-08-03,2024-08-08,Standard,Completed,Chicago,Visa
70016012,1012465,506361,1,44.99,0,2024-08-04,2024-08-09,Priority,Completed,Houston,Mastercard
70016013,1012467,506372,1,39.99,0,2024-08-05,2024-08-10,Standard,Completed,New York,Visa
70016014,1012468,506383,1,49.99,0,2024-08-06,2024-08-11,Standard,Completed,San Diego,PayPal
70016015,1012469,506394,1,59.99,0,2024-08-07,2024-08-12,Standard,Completed,Las Vegas,Visa
70016016,1012470,506405,1,29.99,0,2024-08-08,2024-08-13,Standard,Completed,Phoenix,Mastercard
70016017,1012472,506416,1,199.99,0,2024-08-09,2024-08-14,Expedited,Completed,Denver,Visa
70016018,1012456,506427,1,129.99,0,2024-08-10,2024-08-15,Standard,Completed,Edmonton,PayPal
70016019,1012457,506438,2,24.99,0,2024-08-11,2024-08-16,Standard,Completed,Calgary,Visa
70016020,1012458,506449,1,249.99,0,2024-08-12,2024-08-17,Priority,Completed,Toronto,Mastercard
70016021,1012459,506460,1,59.99,0,2024-08-13,2024-08-18,Standard,Completed,Vancouver,Visa
70016022,1012460,506471,1,349.99,0,2024-08-14,2024-08-19,Standard,Completed,Seattle,PayPal
70016023,1012461,506482,1,49.99,0,2024-08-15,2024-08-20,Standard,Completed,Portland,Visa
70016024,1012462,506493,1,89.99,0,2024-08-16,2024-08-21,Expedited,Completed,San Francisco,Mastercard
70016025,1012463,506504,3,19.99,0,2024-08-17,2024-08-22,Standard,Completed,Los Angeles,PayPal
70016026,1012464,506515,1,34.99,0,2024-08-18,2024-08-23,Standard,Completed,Chicago,Visa
70016027,1012465,506526,1,44.99,0,2024-08-19,2024-08-24,Priority,Completed,Houston,Mastercard
70016028,1012467,506537,1,39.99,0,2024-08-20,2024-08-25,Standard,Completed,New York,Visa
70016029,1012468,506548,1,49.99,0,2024-08-21,2024-08-26,Standard,Completed,San Diego,PayPal
70016030,1012469,506559,1,59.99,0,2024-08-22,2024-08-27,Standard,Completed,Las Vegas,Visa
70016031,1012470,506570,1,29.99,0,2024-08-23,2024-08-28,Standard,Completed,Phoenix,Mastercard
70016032,1012472,506581,1,199.99,0,2024-08-24,2024-08-29,Expedited,Completed,Denver,Visa
70016033,1012456,506592,1,129.99,0,2024-08-25,2024-08-30,Standard,Completed,Edmonton,PayPal
70016034,1012457,506603,2,24.99,0,2024-08-26,2024-08-31,Standard,Completed,Calgary,Visa
70016035,1012458,506614,1,249.99,0,2024-08-27,2024-09-01,Priority,Completed,Toronto,Mastercard
70016036,1012459,506625,1,59.99,0,2024-08-28,2024-09-02,Standard,Completed,Vancouver,Visa
70016037,1012460,506636,1,349.99,0,2024-08-29,2024-09-03,Standard,Completed,Seattle,PayPal
70016038,1012461,506647,1,49.99,0,2024-08-30,2024-09-04,Standard,Completed,Portland,Visa
70016039,1012462,506658,1,89.99,0,2024-08-31,2024-09-05,Expedited,Completed,San Francisco,Mastercard
70016040,1012463,506669,2,19.99,0,2024-09-01,2024-09-06,Standard,Completed,Los Angeles,PayPal
70016041,1012464,506680,1,34.99,0,2024-09-02,2024-09-07,Standard,Completed,Chicago,Visa
70016042,1012465,506691,1,44.99,0,2024-09-03,2024-09-08,Priority,Completed,Houston,Mastercard
70016043,1012467,506702,1,39.99,0,2024-09-04,2024-09-09,Standard,Completed,New York,Visa
70016044,1012468,506713,1,49.99,0,2024-09-05,2024-09-10,Standard,Completed,San Diego,PayPal
70016045,1012469,506724,1,59.99,0,2024-09,,,,,
70016045,1012469,506724,1,59.99,0,2024-09-06,2024-09-11,Standard,Completed,Las Vegas,Mastercard
70016046,1012470,506735,1,29.99,0,2024-09-07,2024-09-12,Standard,Completed,Phoenix,PayPal
70016047,1012472,506746,1,199.99,0,2024-09-08,2024-09-13,Expedited,Completed,Denver,Visa
70016048,1012456,506757,1,129.99,0,2024-09-09,2024-09-14,Standard,Completed,Edmonton,Mastercard
70016049,1012457,506768,2,24.99,0,2024-09-10,2024-09-15,Standard,Completed,Calgary,Visa
70016050,1012458,506779,1,249.99,0,2024-09-11,2024-09-16,Priority,Completed,Toronto,PayPal
70016051,1012459,506790,1,59.99,0,2024-09-12,2024-09-17,Standard,Completed,Vancouver,Visa
70016052,1012460,506801,1,349.99,0,2024-09-13,2024-09-18,Standard,Completed,Seattle,Mastercard
70016053,1012461,506812,1,49.99,0,2024-09-14,2024-09-19,Standard,Completed,Portland,Visa
70016054,1012462,506823,1,89.99,0,2024-09-15,2024-09-20,Expedited,Completed,San Francisco,PayPal
70016055,1012463,506834,3,19.99,0,2024-09-16,2024-09-21,Standard,Completed,Los Angeles,Visa
70016056,1012464,506845,1,34.99,0,2024-09-17,2024-09-22,Standard,Completed,Chicago,Mastercard
70016057,1012465,506856,1,44.99,0,2024-09-18,2024-09-23,Priority,Completed,Houston,Visa
70016058,1012467,506867,1,39.99,0,2024-09-19,2024-09-24,Standard,Completed,New York,PayPal
70016059,1012468,506878,1,49.99,0,2024-09-20,2024-09-25,Standard,Completed,San Diego,Visa
70016060,1012469,506889,1,59.99,0,2024-09-21,2024-09-26,Standard,Completed,Las Vegas,Mastercard
70016061,1012470,506900,1,29.99,0,2024-09-22,2024-09-27,Standard,Completed,Phoenix,Visa
70016062,1012472,506911,1,199.99,0,2024-09-23,2024-09-28,Expedited,Completed,Denver,PayPal
70016063,1012456,506922,1,129.99,0,2024-09-24,2024-09-29,Standard,Completed,Edmonton,Visa
70016064,1012457,506933,2,24.99,0,2024-09-25,2024-09-30,Standard,Completed,Calgary,Mastercard
70016065,1012458,506944,1,249.99,0,2024-09-26,2024-10-01,Priority,Completed,Toronto,Visa
70016066,1012459,506955,1,59.99,0,2024-09-27,2024-10-02,Standard,Completed,Vancouver,PayPal
70016067,1012460,506966,1,349.99,0,2024-09-28,2024-10-03,Standard,Completed,Seattle,Visa
70016068,1012461,506977,1,49.99,0,2024-09-29,2024-10-04,Standard,Completed,Portland,Mastercard
70016069,1012462,506988,1,89.99,0,2024-09-30,2024-10-05,Expedited,Completed,San Francisco,Visa
70016070,1012463,506999,2,19.99,0,2024-10-01,2024-10-06,Standard,Completed,Los Angeles,PayPal
70016071,1012464,507010,1,34.99,0,2024-10-02,2024-10-07,Standard,Completed,Chicago,Visa
70016072,1012465,507021,1,44.99,0,2024-10-03,2024-10-08,Priority,Completed,Houston,Mastercard
70016073,1012467,507032,1,39.99,0,2024-10-04,2024-10-09,Standard,Completed,New York,Visa
70016074,1012468,507043,1,49.99,0,2024-10-05,2024-10-10,Standard,Completed,San Diego,PayPal
70016075,1012469,507054,1,59.99,0,2024-10-06,2024-10-11,Standard,Completed,Las Vegas,Visa
70016076,1012470,507065,1,29.99,0,2024-10-07,2024-10-12,Standard,Completed,Phoenix,Mastercard
70016077,1012472,507076,1,199.99,0,2024-10-08,2024-10-13,Expedited,Completed,Denver,Visa
70016078,1012456,507087,1,129.99,0,2024-10-09,2024-10-14,Standard,Completed,Edmonton,PayPal
70016079,1012457,507098,2,24.99,0,2024-10-10,2024-10-15,Standard,Completed,Calgary,Visa
70016080,1012458,507109,1,249.99,0,2024-10-11,2024-10-16,Priority,Completed,Toronto,Mastercard
70016081,1012459,507120,1,59.99,0,2024-10-12,2024-10-17,Standard,Completed,Vancouver,Visa
70016082,1012460,507131,1,349.99,0,2024-10-13,2024-10-18,Standard,Completed,Seattle,PayPal
70016083,1012461,507142,1,49.99,0,2024-10-14,2024-10-19,Standard,Completed,Portland,Visa
70016084,1012462,507153,1,89.99,0,2024-10-15,2024-10-20,Expedited,Completed,San Francisco,Mastercard
70016085,1012463,507164,3,19.99,0,2024-10-16,2024-10-21,Standard,Completed,Los Angeles,PayPal
70016086,1012464,507175,1,34.99,0,2024-10-17,2024-10-22,Standard,Completed,Chicago,Visa
70016087,1012465,507186,1,44.99,0,2024-10-18,2024-10-23,Priority,Completed,Houston,Mastercard
70016088,1012467,507197,1,39.99,0,2024-10-19,2024-10-24,Standard,Completed,New York,Visa
70016089,1012468,507208,1,49.99,0,2024-10-20,2024-10-25,Standard,Completed,San Diego,PayPal
70016090,1012469,507219,1,59.99,0,2024-10-21,2024-10-26,Standard,Completed,Las Vegas,Visa
70016091,1012470,507230,1,29.99,0,2024-10-22,2024-10-27,Standard,Completed,Phoenix,Mastercard
70016092,1012472,507241,1,199.99,0,2024-10-23,2024-10-28,Expedited,Completed,Denver,Visa
70016093,1012456,507252,1,129.99,0,2024-10-24,2024-10-29,Standard,Completed,Edmonton,PayPal
70016094,1012457,507263,2,24.99,0,2024-10-25,2024-10-30,Standard,Completed,Calgary,Visa
70016095,1012458,507274,1,249.99,0,2024-10-26,2024-10-31,Priority,Completed,Toronto,Mastercard
70016096,1012459,507285,1,59.99,0,2024-10-27,2024-11-01,Standard,Completed,Vancouver,Visa
70016097,1012460,507296,1,349.99,0,2024-10-28,2024-11-02,Standard,Completed,Seattle,PayPal
70016098,1012461,507307,1,49.99,0,2024-10-29,2024-11-03,Standard,Completed,Portland,Visa
70016099,1012462,507318,1,89.99,0,2024-10-30,2024-11-04,Expedited,Completed,San Francisco,Mastercard
70016100,1012463,507329,2,19.99,0,2024-10-31,2024-11-05,Standard,Completed,Los Angeles,PayPal
70016101,1012464,507340,1,34.99,0,2024-11-01,2024-11-06,Standard,Completed,Chicago,Visa
70016102,1012465,507351,1,44.99,0,2024-11-02,2024-11-07,Priority,Completed,Houston,Mastercard
70016103,1012467,507362,1,39.99,0,2024-11-03,2024-11-08,Standard,Completed,New York,Visa
70016104,1012468,507373,1,49.99,0,2024-11-04,2024-11-09,Standard,Completed,San Diego,PayPal
70016105,1012469,507384,1,59.99,0,2024-11-05,2024-11-10,Standard,Completed,Las Vegas,Visa
70016106,1012470,507395,1,29.99,0,2024-11-06,2024-11-11,Standard,Completed,Phoenix,Mastercard
70016107,1012472,507406,1,199.99,0,2024-11-07,2024-11-12,Expedited,Completed,Denver,Visa
70016108,1012456,507417,1,129.99,0,2024-11-08,2024-11-13,Standard,Completed,Edmonton,PayPal
70016109,1012457,507428,2,24.99,0,2024-11-09,2024-11-14,Standard,Completed,Calgary,Visa
70016110,1012458,507439,1,249.99,0,2024-11-10,2024-11-15,Priority,Completed,Toronto,Mastercard
70016111,1012459,507450,1,59.99,0,2024-11-11,2024-11-16,Standard,Completed,Vancouver,Visa
70016112,1012460,507461,1,349.99,0,2024-11-12,2024-11-17,Standard,Completed,Seattle,PayPal
70016113,1012461,507472,1,49.99,0,2024-11-13,2024-11-18,Standard,Completed,Portland,Visa
70016114,1012462,507483,1,89.99,0,2024-11-14,2024-11-19,Expedited,Completed,San Francisco,Mastercard
70016115,1012463,507494,3,19.99,0,2024-11-15,2024-11-20,Standard,Completed,Los Angeles,PayPal
70016116,1012464,507505,1,34.99,0,2024-11-16,2024-11-21,Standard,Completed,Chicago,Visa
70016117,1012465,507516,1,44.99,0,2024-11-17,2024-11-22,Priority,Completed,Houston,Mastercard
70016118,1012467,507527,1,39.99,0,2024-11-18,2024-11-23,Standard,Completed,New York,Visa
70016119,1012468,507538,1,49.99,0,2024-11-19,2024-11-24,Standard,Completed,San Diego,PayPal
70016120,1012469,507549,1,59.99,0,2024-11-20,2024-11-25,Standard,Completed,Las Vegas,Visa
70016121,1012470,507560,1,29.99,0,2024-11-21,2024-11-26,Standard,Completed,Phoenix,Mastercard
70016122,1012472,507571,1,199.99,0,2024-11-22,2024-11-27,Expedited,Completed,Denver,Visa
70016123,1012456,507582,1,129.99,0,2024-11-23,2024-11-28,Standard,Completed,Edmonton,PayPal
70016124,1012457,507593,2,24.99,0,2024-11-24,2024-11-29,Standard,Completed,Calgary,Visa
70016125,1012458,507604,1,249.99,0,2024-11-25,2024-11-30,Priority,Completed,Toronto,Mastercard
70016126,1012459,507615,1,59.99,0,2024-11-26,2024-12-01,Standard,Completed,Vancouver,Visa
70016127,1012460,507626,1,349.99,0,2024-11-27,2024-12-02,Standard,Completed,Seattle,PayPal
70016128,1012461,507637,1,49.99,0,2024-11-28,2024-12-03,Standard,Completed,Portland,Visa
70016129,1012462,507648,1,89.99,0,2024-11-29,2024-12-04,Expedited,Completed,San Francisco,Mastercard
70016130,1012463,507659,2,19.99,0,2024-11-30,2024-12-05,Standard,Completed,Los Angeles,PayPal
70016131,1012464,507670,1,34.99,0,2024-12-01,2024-12-06,Standard,Completed,Chicago,Visa
70016132,1012465,507681,1,44.99,0,2024-12-02,2024-12-07,Priority,Completed,Houston,Mastercard
70016133,1012467,507692,1,39.99,0,2024-12-03,2024-12-08,Standard,Completed,New York,Visa
70016134,1012468,507703,1,49.99,0,2024-12-04,2024-12-09,Standard,Completed,San Diego,PayPal
70016135,1012469,507714,1,59.99,0,2024-12-05,2024-12-10,Standard,Completed,Las Vegas,Visa
70016136,1012470,507725,1,29.99,0,2024-12-06,2024-12-11,Standard,Completed,Phoenix,Mastercard
70016137,1012472,507736,1,199.99,0,2024-12-07,2024-12-12,Expedited,Completed,Denver,Visa
70016138,1012456,507747,1,129.99,0,2024-12-08,2024-12-13,Standard,Completed,Edmonton,PayPal
70016139,1012457,507758,2,24.99,0,2024-12,,,,,
70016139,1012457,507758,2,24.99,0,2024-12-09,2024-12-14,Standard,Completed,Calgary,Visa
70016140,1012458,507769,1,249.99,0,2024-12-10,2024-12-15,Priority,Completed,Toronto,Mastercard
70016141,1012459,507780,1,59.99,0,2024-12-11,2024-12-16,Standard,Completed,Vancouver,Visa
70016142,1012460,507791,1,349.99,0,2024-12-12,2024-12-17,Standard,Completed,Seattle,PayPal
70016143,1012461,507802,1,49.99,0,2024-12-13,2024-12-18,Standard,Completed,Portland,Visa
70016144,1012462,507813,1,89.99,0,2024-12-14,2024-12-19,Expedited,Completed,San Francisco,Mastercard
70016145,1012463,507824,3,19.99,0,2024-12-15,2024-12-20,Standard,Completed,Los Angeles,PayPal
70016146,1012464,507835,1,34.99,0,2024-12-16,2024-12-21,Standard,Completed,Chicago,Visa
70016147,1012465,507846,1,44.99,0,2024-12-17,2024-12-22,Priority,Completed,Houston,Mastercard
70016148,1012467,507857,1,39.99,0,2024-12-18,2024-12-23,Standard,Completed,New York,Visa
70016149,1012468,507868,1,49.99,0,2024-12-19,2024-12-24,Standard,Completed,San Diego,PayPal
70016150,1012469,507879,1,59.99,0,2024-12-20,2024-12-25,Standard,Completed,Las Vegas,Visa
70016151,1012470,507890,1,29.99,0,2024-12-21,2024-12-26,Standard,Completed,Phoenix,Mastercard
70016152,1012472,507901,1,199.99,0,2024-12-22,2024-12-27,Expedited,Completed,Denver,Visa
70016153,1012456,507912,1,129.99,0,2024-12-23,2024-12-28,Standard,Completed,Edmonton,PayPal
70016154,1012457,507923,2,24.99,0,2024-12-24,2024-12-29,Standard,Completed,Calgary,Visa
70016155,1012458,507934,1,249.99,0,2024-12-25,2024-12-30,Priority,Completed,Toronto,Mastercard
70016156,1012459,507945,1,59.99,0,2024-12-26,2024-12-31,Standard,Completed,Vancouver,Visa
70016157,1012460,507956,1,349.99,0,2024-12-27,2025-01-01,Standard,Completed,Seattle,PayPal
70016158,1012461,507967,1,49.99,0,2024-12-28,2025-01-02,Standard,Completed,Portland,Visa
70016159,1012462,507978,1,89.99,0,2024-12-29,2025-01-03,Expedited,Completed,San Francisco,Mastercard
70016160,1012463,507989,2,19.99,0,2024-12-30,2025-01-04,Standard,Completed,Los Angeles,PayPal
70016161,1012464,508000,1,34.99,0,2024-12-31,2025-01-05,Standard,Completed,Chicago,Visa
70016162,1012465,508011,1,44.99,0,2025-01-01,2025-01-06,Priority,Completed,Houston,Mastercard
70016163,1012467,508022,1,39.99,0,2025-01-02,2025-01-07,Standard,Completed,New York,Visa
70016164,1012468,508033,1,49.99,0,2025-01-03,2025-01-08,Standard,Completed,San Diego,PayPal
70016165,1012469,508044,1,59.99,0,2025-01-04,2025-01-09,Standard,Completed,Las Vegas,Visa
70016166,1012470,508055,1,29.99,0,2025-01-05,2025-01-10,Standard,Completed,Phoenix,Mastercard
70016167,1012472,508066,1,199.99,0,2025-01-06,2025-01-11,Expedited,Completed,Denver,Visa
70016168,1012456,508077,1,129.99,0,2025-01-07,2025-01-12,Standard,Completed,Edmonton,PayPal
70016169,1012457,508088,2,24.99,0,2025-01-08,2025-01-13,Standard,Completed,Calgary,Visa
70016170,1012458,508099,1,249.99,0,2025-01-09,2025-01-14,Priority,Completed,Toronto,Mastercard
70016171,1012459,508110,1,59.99,0,2025-01-10,2025-01-15,Standard,Completed,Vancouver,Visa
70016172,1012460,508121,1,349.99,0,2025-01-11,2025-01-16,Standard,Completed,Seattle,PayPal
70016173,1012461,508132,1,49.99,0,2025-01-12,2025-01-17,Standard,Completed,Portland,Visa
70016174,1012462,508143,1,89.99,0,2025-01-13,2025-01-18,Expedited,Completed,San Francisco,Mastercard
70016175,1012463,508154,3,19.99,0,2025-01-14,2025-01-19,Standard,Completed,Los Angeles,PayPal
70016176,1012464,508165,1,34.99,0,2025-01-15,2025-01-20,Standard,Completed,Chicago,Visa
70016177,1012465,508176,1,44.99,0,2025-01-16,2025-01-21,Priority,Completed,Houston,Mastercard
70016178,1012467,508187,1,39.99,0,2025-01-17,2025-01-22,Standard,Completed,New York,Visa
70016179,1012468,508198,1,49.99,0,2025-01-18,2025-01-23,Standard,Completed,San Diego,PayPal
70016180,1012469,508209,1,59.99,0,2025-01-19,2025-01-24,Standard,Completed,Las Vegas,Visa
70016181,1012470,508220,1,29.99,0,2025-01-20,2025-01-25,Standard,Completed,Phoenix,Mastercard
70016182,1012472,508231,1,199.99,0,2025-01-21,2025-01-26,Expedited,Completed,Denver,Visa
70016183,1012456,508242,1,129.99,0,2025-01-22,2025-01-27,Standard,Completed,Edmonton,PayPal
70016184,1012457,508253,2,24.99,0,2025-01-23,2025-01-28,Standard,Completed,Calgary,Visa
70016185,1012458,508264,1,249.99,0,2025-01-24,2025-01-29,Priority,Completed,Toronto,Mastercard
70016186,1012459,508275,1,59.99,0,2025-01-25,2025-01-30,Standard,Completed,Vancouver,Visa
70016187,1012460,508286,1,349.99,0,2025-01-26,2025-01-31,Standard,Completed,Seattle,PayPal
70016188,1012461,508297,1,49.99,0,2025-01-27,2025-02-01,Standard,Completed,Portland,Visa
70016189,1012462,508308,1,89.99,0,2025-01-28,2025-02-02,Expedited,Completed,San Francisco,Mastercard
70016190,1012463,508319,2,19.99,0,2025-01-29,2025-02-03,Standard,Completed,Los Angeles,PayPal
70016191,1012464,508330,1,34.99,0,2025-01-30,2025-02-04,Standard,Completed,Chicago,Visa
70016192,1012465,508341,1,44.99,0,2025-01-31,2025-02-05,Priority,Completed,Houston,Mastercard
70016193,1012467,508352,1,39.99,0,2025-02-01,2025-02-06,Standard,Completed,New York,Visa
70016194,1012468,508363,1,49.99,0,2025-02-02,2025-02-07,Standard,Completed,San Diego,PayPal
70016195,1012469,508374,1,59.99,0,2025-02-03,2025-02-08,Standard,Completed,Las Vegas,Visa
70016196,1012470,508385,1,29.99,0,2025-02-04,2025-02-09,Standard,Completed,Phoenix,Mastercard
70016197,1012472,508396,1,199.99,0,2025-02-05,2025-02-10,Expedited,Completed,Denver,Visa
70016198,1012456,508407,1,129.99,0,2025-02-06,2025-02-11,Standard,Completed,Edmonton,PayPal
70016199,1012457,508418,2,24.99,0,2025-02-07,2025-02-12,Standard,Completed,Calgary,Visa
70016200,1012458,508429,1,249.99,0,2025-02-08,2025-02-13,Priority,Completed,Toronto,Mastercard
70016201,1012459,508440,1,59.99,0,2025-02-09,2025-02-14,Standard,Completed,Vancouver,Visa
70016202,1012460,508451,1,349.99,0,2025-02-10,2025-02-15,Standard,Completed,Seattle,PayPal
70016203,1012461,508462,1,49.99,0,2025-02-11,2025-02-16,Standard,Completed,Portland,Visa
70016204,1012462,508473,1,89.99,0,2025-02-12,2025-02-17,Expedited,Completed,San Francisco,Mastercard
70016205,1012463,508484,3,19.99,0,2025-02-13,2025-02-18,Standard,Completed,Los Angeles,PayPal
70016206,1012464,508495,1,34.99,0,2025-02-14,2025-02-19,Standard,Completed,Chicago,Visa
70016207,1012465,508506,1,44.99,0,2025-02-15,2025-02-20,Priority,Completed,Houston,Mastercard
70016208,1012467,508517,1,39.99,0,2025-02-16,2025-02-21,Standard,Completed,New York,Visa
70016209,1012468,508528,1,49.99,0,2025-02-17,2025-02-22,Standard,Completed,San Diego,PayPal
70016210,1012469,508539,1,59.99,0,2025-02-18,2025-02-23,Standard,Completed,Las Vegas,Visa
70016211,1012470,508550,1,29.99,0,2025-02-19,2025-02-24,Standard,Completed,Phoenix,Mastercard
70016212,1012472,508561,1,199.99,0,2025-02-20,2025-02-25,Expedited,Completed,Denver,Visa
70016213,1012456,508572,1,129.99,0,2025-02-21,2025-02-26,Standard,Completed,Edmonton,PayPal
70016214,1012457,508583,2,24.99,0,2025-02-22,2025-02-27,Standard,Completed,Calgary,Visa
70016215,1012458,508594,1,249.99,0,2025-02-23,2025-02-28,Priority,Completed,Toronto,Mastercard
70016216,1012459,508605,1,59.99,0,2025-02-24,2025-03-01,Standard,Completed,Vancouver,Visa
70016217,1012460,508616,1,349.99,0,2025-02-25,2025-03-02,Standard,Completed,Seattle,PayPal
70016218,1012461,508627,1,49.99,0,2025-02-26,2025-03-03,Standard,Completed,Portland,Visa
70016219,1012462,508638,1,89.99,0,2025-02-27,2025-03-04,Expedited,Completed,San Francisco,Mastercard
70016220,1012463,508649,2,19.99,0,2025-02-28,2025-03-05,Standard,Completed,Los Angeles,PayPal
70016221,1012464,508660,1,34.99,0,2025-03-01,2025-03-06,Standard,Completed,Chicago,Visa
70016222,1012465,508671,1,44.99,0,2025-03-02,2025-03-07,Priority,Completed,Houston,Mastercard
70016223,1012467,508682,1,39.99,0,2025-03-03,2025-03-08,Standard,Completed,New York,Visa
70016224,1012468,508693,1,49.99,0,2025-03-04,2025-03-09,Standard,Completed,San Diego,PayPal
70016225,1012469,508704,1,59.99,0,2025-03-05,2025-03-10,Standard,Completed,Las Vegas,Visa
70016226,1012470,508715,1,29.99,0,2025-03-06,2025-03-11,Standard,Completed,Phoenix,Mastercard
70016227,1012472,508726,1,199.99,0,2025-03-07,2025-03-12,Expedited,Completed,Denver,Visa
70016228,1012456,508737,1,129.99,0,2025-03-08,2025-03-13,Standard,Completed,Edmonton,PayPal
70016229,1012457,508748,2,24.99,0,2025-03-09,2025-03-14,Standard,Completed,Calgary,Visa
70016230,1012458,508759,1,249.99,0,2025-03-10,2025-03-15,Priority,Completed,Toronto,Mastercard
70016231,1012459,508770,1,59.99,0,2025-03-11,2025-03-16,Standard,Completed,Vancouver,Visa
70016232,1012460,508781,1,349.99,0,2025-03-12,2025-03-17,Standard,Completed,Seattle,PayPal
70016232,1012460,508781,1,349.99,0,2025-03-12,2025-03-17,Standard,Completed,Seattle,PayPal
70016233,1012461,508792,1,49.99,0,2025-03-13,2025-03-18,Standard,Completed,Portland,Visa
70016234,1012462,508803,1,89.99,0,2025-03-14,2025-03-19,Expedited,Completed,San Francisco,Mastercard
70016235,1012463,508814,3,19.99,0,2025-03-15,2025-03-20,Standard,Completed,Los Angeles,PayPal
70016236,1012464,508825,1,34.99,0,2025-03-16,2025-03-21,Standard,Completed,Chicago,Visa
70016237,1012465,508836,1,44.99,0,2025-03-17,2025-03-22,Priority,Completed,Houston,Mastercard
70016238,1012467,508847,1,39.99,0,2025-03-18,2025-03-23,Standard,Completed,New York,Visa
70016239,1012468,508858,1,49.99,0,2025-03-19,2025-03-24,Standard,Completed,San Diego,PayPal
70016240,1012469,508869,1,59.99,0,2025-03-20,2025-03-25,Standard,Completed,Las Vegas,Visa
70016241,1012470,508880,1,29.99,0,2025-03-21,2025-03-26,Standard,Completed,Phoenix,Mastercard
70016242,1012472,508891,1,199.99,0,2025-03-22,2025-03-27,Expedited,Completed,Denver,Visa
70016243,1012456,508902,1,129.99,0,2025-03-23,2025-03-28,Standard,Completed,Edmonton,PayPal
70016244,1012457,508913,2,24.99,0,2025-03-24,2025-03-29,Standard,Completed,Calgary,Visa
70016245,1012458,508924,1,249.99,0,2025-03-25,2025-03-30,Priority,Completed,Toronto,Mastercard
70016246,1012459,508935,1,59.99,0,2025-03-26,2025-03-31,Standard,Completed,Vancouver,Visa
70016247,1012460,508946,1,349.99,0,2025-03-27,2025-04-01,Standard,Completed,Seattle,PayPal
70016248,1012461,508957,1,49.99,0,2025-03-28,2025-04-02,Standard,Completed,Portland,Visa
70016249,1012462,508968,1,89.99,0,2025-03-29,2025-04-03,Expedited,Completed,San Francisco,Mastercard
70016250,1012463,508979,2,19.99,0,2025-03-30,2025-04-04,Standard,Completed,Los Angeles,PayPal
70016251,1012464,508990,1,34.99,0,2025-03-31,2025-04-05,Standard,Completed,Chicago,Visa
70016252,1012465,509001,1,44.99,0,2025-04-01,2025-04-06,Priority,Completed,Houston,Mastercard
70016253,1012467,509012,1,39.99,0,2025-04-02,2025-04-07,Standard,Completed,New York,Visa
70016254,1012468,509023,1,49.99,0,2025-04-03,2025-04-08,Standard,Completed,San Diego,PayPal
70016255,1012469,509034,1,59.99,0,2025-04-04,2025-04-09,Standard,Completed,Las Vegas,Visa
70016256,1012470,509045,1,29.99,0,2025-04-05,2025-04-10,Standard,Completed,Phoenix,Mastercard
70016257,1012472,509056,1,199.99,0,2025-04-06,2025-04-11,Expedited,Completed,Denver,Visa
70016258,1012456,509067,1,129.99,0,2025-04-07,2025-04-12,Standard,Completed,Edmonton,PayPal
70016259,1012457,509078,2,24.99,0,2025-04-08,2025-04-13,Standard,Completed,Calgary,Visa
70016260,1012458,509089,1,249.99,0,2025-04-09,2025-04-14,Priority,Completed,Toronto,Mastercard
70016261,1012459,509100,1,59.99,0,2025-04-10,2025-04-15,Standard,Completed,Vancouver,Visa
70016262,1012460,509111,1,349.99,0,2025-04-11,2025-04-16,Standard,Completed,Seattle,PayPal
70016263,1012461,509122,1,49.99,0,2025-04-12,2025-04-17,Standard,Completed,Portland,Visa
70016264,1012462,509133,1,89.99,0,2025-04-13,2025-04-18,Expedited,Completed,San Francisco,Mastercard
70016265,1012463,509144,3,19.99,0,2025-04-14,2025-04-19,Standard,Completed,Los Angeles,PayPal
70016266,1012464,509155,1,34.99,0,2025-04-15,2025-04-20,Standard,Completed,Chicago,Visa
70016267,1012465,509166,1,44.99,0,2025-04-16,2025-04-21,Priority,Completed,Houston,Mastercard
70016268,1012467,509177,1,39.99,0,2025-04-17,2025-04-22,Standard,Completed,New York,Visa
70016269,1012468,509188,1,49.99,0,2025-04-18,2025-04-23,Standard,Completed,San Diego,PayPal
70016270,1012469,509199,1,59.99,0,2025-04-19,2025-04-24,Standard,Completed,Las Vegas,Visa
70016271,1012470,509210,1,29.99,0,2025-04-20,2025-04-25,Standard,Completed,Phoenix,Mastercard
70016272,1012472,509221,1,199.99,0,2025-04-21,2025-04-26,Expedited,Completed,Denver,Visa
70016273,1012456,509232,1,129.99,0,2025-04-22,2025-04-27,Standard,Completed,Edmonton,PayPal
70016274,1012457,509243,2,24.99,0,2025-04-23,2025-04-28,Standard,Completed,Calgary,Visa
70016275,1012458,509254,1,249.99,0,2025-04-24,2025-04-29,Priority,Completed,Toronto,Mastercard
70016276,1012459,509265,1,59.99,0,2025-04-25,2025-04-30,Standard,Completed,Vancouver,Visa
70016277,1012460,509276,1,349.99,0,2025-04-26,2025-05-01,Standard,Completed,Seattle,PayPal
70016278,1012461,509287,1,49.99,0,2025-04-27,2025-05-02,Standard,Completed,Portland,Visa
70016279,1012462,509298,1,89.99,0,2025-04-28,2025-05-03,Expedited,Completed,San Francisco,Mastercard
70016280,1012463,509309,2,19.99,0,2025-04-29,2025-05-04,Standard,Completed,Los Angeles,PayPal
70016281,1012464,509320,1,34.99,0,2025-04-30,2025-05-05,Standard,Completed,Chicago,Visa
70016282,1012465,509331,1,44.99,0,2025-05-01,2025-05-06,Priority,Completed,Houston,Mastercard
70016283,1012467,509342,1,39.99,0,2025-05-02,2025-05-07,Standard,Completed,New York,Visa
70016284,1012468,509353,1,49.99,0,2025-05-03,2025-05-08,Standard,Completed,San Diego,PayPal
70016285,1012469,509364,1,59.99,0,2025-05-04,2025-05-09,Standard,Completed,Las Vegas,Visa
70016286,1012470,509375,1,29.99,0,2025-05-05,2025-05-10,Standard,Completed,Phoenix,Mastercard
70016287,1012472,509386,1,199.99,0,2025-05-06,2025-05-11,Expedited,Completed,Denver,Visa
70016288,1012456,509397,1,129.99,0,2025-05-07,2025-05-12,Standard,Completed,Edmonton,PayPal
70016289,1012457,509408,2,24.99,0,2025-05-08,2025-05-13,Standard,Completed,Calgary,Visa
70016290,1012458,509419,1,249.99,0,2025-05-09,2025-05-14,Priority,Completed,Toronto,Mastercard
70016291,1012459,509430,1,59.99,0,2025-05-10,2025-05-15,Standard,Completed,Vancouver,Visa
70016292,1012460,509441,1,349.99,0,2025-05-11,2025-05-16,Standard,Completed,Seattle,PayPal
70016293,1012461,509452,1,49.99,0,2025-05-12,2025-05-17,Standard,Completed,Portland,Visa
70016294,1012462,509463,1,89.99,0,2025-05-13,2025-05-18,Expedited,Completed,San Francisco,Mastercard
70016295,1012463,509474,3,19.99,0,2025-05-14,2025-05-19,Standard,Completed,Los Angeles,PayPal
70016296,1012464,509485,1,34.99,0,2025-05-15,2025-05-20,Standard,Completed,Chicago,Visa
70016297,1012465,509496,1,44.99,0,2025-05-16,2025-05-21,Priority,Completed,Houston,Mastercard
70016298,1012467,509507,1,39.99,0,2025-05-17,2025-05-22,Standard,Completed,New York,Visa
70016299,1012468,509518,1,49.99,0,2025-05-18,2025-05-23,Standard,Completed,San Diego,PayPal
70016300,1012469,509529,1,59.99,0,2025-05-19,2025-05-24,Standard,Completed,Las Vegas,Visa
70016301,1012470,509540,1,29.99,0,2025-05-20,2025-05-25,Standard,Completed,Phoenix,Mastercard
70016302,1012472,509551,1,199.99,0,2025-05-21,2025-05-26,Expedited,Completed,Denver,Visa
70016303,1012456,509562,1,129.99,0,2025-05-22,2025-05-27,Standard,Completed,Edmonton,PayPal
70016304,1012457,509573,2,24.99,0,2025-05-23,2025-05-28,Standard,Completed,Calgary,Visa
70016305,1012458,509584,1,249.99,0,2025-05-24,2025-05-29,Priority,Completed,Toronto,Mastercard
70016306,1012459,509595,1,59.99,0,2025-05-25,2025-05-30,Standard,Completed,Vancouver,Visa
70016307,1012460,509606,1,349.99,0,2025-05-26,2025-05-31,Standard,Completed,Seattle,PayPal
70016308,1012461,509617,1,49.99,0,2025-05-27,2025-06-01,Standard,Completed,Portland,Visa
70016309,1012462,509628,1,89.99,0,2025-05-28,2025-06-02,Expedited,Completed,San Francisco,Mastercard
70016310,1012463,509639,2,19.99,0,2025-05-29,2025-06-03,Standard,Completed,Los Angeles,PayPal
70016311,1012464,509650,1,34.99,0,2025-05-30,2025-06-04,Standard,Completed,Chicago,Visa
70016312,1012465,509661,1,44.99,0,2025-05-31,2025-06-05,Priority,Completed,Houston,Mastercard
70016313,1012467,509672,1,39.99,0,2025-06-01,2025-06-06,Standard,Completed,New York,Visa
70016314,1012468,509683,1,49.99,0,2025-06-02,2025-06-07,Standard,Completed,San Diego,PayPal
70016315,1012469,509694,1,59.99,0,2025-06-03,2025-06-08,Standard,Completed,Las Vegas,Visa
70016316,1012470,509705,1,29.99,0,2025-06-04,2025-06-09,Standard,Completed,Phoenix,Mastercard
70016317,1012472,509716,1,199.99,0,2025-06-05,2025-06-10,Expedited,Completed,Denver,Visa
70016318,1012456,509727,1,129.99,0,2025-06-06,2025-06-11,Standard,Completed,Edmonton,PayPal
70016319,1012457,509738,2,24.99,0,2025-06-07,2025-06-12,Standard,Completed,Calgary,Visa
70016320,1012458,509749,1,249.99,0,2025-06-08,2025-06-13,Priority,Completed,Toronto,Mastercard
70016321,1012459,509760,1,59.99,0,2025-06-09,2025-06-14,Standard,Completed,Vancouver,Visa
70016322,1012460,509771,1,349.99,0,2025-06-10,2025-06-15,Standard,Completed,Seattle,PayPal
70016323,1012461,509782,1,49.99,0,2025-06-11,2025-06-16,Standard,Completed,Portland,Visa
70016324,1012462,509793,1,89.99,0,2025-06-12,2025-06-17,Expedited,Completed,San Francisco,Mastercard
70016325,1012463,509804,3,19.99,0,2025-06-13,2025-06-18,Standard,Completed,Los Angeles,
