order_item_id,order_id,product_id,quantity,unit_price,discount_percent,line_total
9000001,70015000,505690,1,34.99,0,34.99
9000002,70015000,505734,2,59.99,10,107.98
9000003,70015001,505701,1,44.99,0,44.99
9000004,70015001,505789,1,249.99,5,237.49
9000005,70015002,505712,3,39.99,0,119.97
9000006,70015003,505723,1,49.99,0,49.99
9000007,70015003,505833,1,89.99,15,76.49
9000008,70015004,505745,2,29.99,0,59.98
9000009,70015004,505976,1,349.99,10,314.99
9000010,70015005,505756,1,199.99,0,199.99
9000011,70015006,505767,1,129.99,0,129.99
90000112,70015006,505778,2,24.99,0,49.98
9000013,70015007,505789,1,249.99,0,249.99
9000014,70015007,505800,1,59.99,5,56.99
9000015,70015008,505811,1,349.99,0,349.99
9000016,70015009,505822,1,49.99,0,49.99
9000017,70015009,505844,3,19.99,0,59.97
9000018,70015010,505855,1,34.99,0,34.99
9000019,70015011,505866,1,44.99,0,44.99
9000020,70015011,505877,1,39.99,10,35.99
9000021,70015012,505888,1,49.99,0,49.99
9000022,70015012,505899,1,59.99,0,59.99
9000023,70015013,505910,2,29.99,0,59.98
9000024,70015014,505921,1,199.99,0,199.99
9000025,70015014,505932,1,129.99,5,123.49
9000026,70015015,505943,2,24.99,0,49.98
9000027,70015016,505954,1,249.99,0,249.99
9000028,70015016,505965,1,59.99,0,59.99
9000029,70015017,505976,1,349.99,10,314.99
9000030,70015018,505987,1,49.99,0,49.99
9000031,70015018,505998,1,89.99,0,89.99
9000032,70015019,506009,2,19.99,0,39.98
9000033,70015020,506020,1,34.99,0,34.99
9000034,70015020,506031,1,44.99,0,44.99
9000035,70015021,506042,1,39.99,0,39.99
9000036,70015022,506053,1,49.99,0,49.99
9000037,70015022,506064,1,59.99,0,59.99
9000038,70015023,506075,1,29.99,0,29.99
9000039,70015024,506086,1,199.99,0,199.99
9000040,70015024,506097,1,129.99,10,116.99
9000041,70015025,506108,2,24.99,0,49.98
9000042,70015026,506119,1,249.99,0,249.99
9000043,70015026,506130,1,59.99,0,59.99
9000044,70015027,506141,1,349.99,0,349.99
9000045,70015028,506152,1,49.99,0,49.99
9000046,70015028,506163,1,89.99,15,76.49
9000047,70015029,506174,3,19.99,0,59.97
9000048,70015030,506185,1,34.99,0,34.99
9000049,70015030,506196,1,44.99,0,44.99
9000050,70015031,506207,1,39.99,0,39.99
9000051,70015031,506218,1,49.99,0,49.99
9000052,70015032,506229,1,59.99,0,59.99
9000053,70015032,506240,1,29.99,0,29.99
9000054,70015033,506251,1,199.99,0,199.99
9000055,70015034,506262,1,129.99,10,116.99
9000056,70015034,506273,2,24.99,0,49.98
9000057,70015035,506284,1,249.99,0,249.99
9000058,70015036,506295,1,59.99,0,59.99
9000059,70015036,506306,1,349.99,5,332.49
9000060,70015037,506317,1,49.99,0,49.99
9000061,70015038,506328,1,89.99,0,89.99
9000062,70015038,506339,2,19.99,0,39.98
9000063,70015039,506350,1,34.99,0,34.99
9000064,70015040,506361,1,44.99,0,44.99
9000065,70015040,506372,1,39.99,10,35.99
9000066,70015041,506383,1,49.99,0,49.99
9000067,70015042,506394,1,59.99,0,59.99
9000068,70015042,506405,1,29.99,0,29.99
9000069,70015043,506416,1,199.99,0,199.99
9000070,70015044,506427,1,129.99,0,129.99
9000071,70015044,506438,2,24.99,0,49.98
9000072,70015045,506449,1,249.99,0,249.99
9000073,70015046,506460,1,59.99,0,59.99
9000074,70015046,506471,1,349.99,10,314.99
9000075,70015047,506482,1,49.99,0,49.99
9000076,70015048,506493,1,89.99,0,89.99
9000077,70015048,506504,3,19.99,0,59.97
9000078,70015049,506515,1,34.99,0,34.99
9000079,70015050,506526,1,44.99,0,44.99
9000080,70015050,506537,1,39.99,0,39.99
9000081,70015051,506548,1,49.99,0,49.99
9000082,70015052,506559,1,59.99,0,59.99
9000083,70015052,506570,1,29.99,0,29.99
9000084,70015053,506581,1,199.99,0,199.99
9000085,70015054,506592,1,129.99,5,123.49
9000086,70015054,506603,2,24.99,0,49.98
9000087,70015055,506614,1,249.99,0,249.99
9000088,70015056,506625,1,59.99,0,59.99
9000089,70015056,506636,1,349.99,0,349.99
9000090,70015057,506647,1,49.99,0,49.99
9000091,70015058,506658,1,89.99,10,80.99
9000092,70015058,506669,2,19.99,0,39.98
9000093,70015059,506680,1,34.99,0,34.99
9000094,70015060,506691,1,44.99,0,44.99
9000095,70015060,506702,1,39.99,0,39.99
9000096,70015061,506713,1,49.99,0,49.99
9000097,70015062,506724,1,59.99,0,59.99
9000098,70015062,506735,1,29.99,0,29.99
9000099,70015063,506746,1,199.99,0,199.99
9000100,70015064,506757,1,129.99,0,129.99
9000101,70015064,506768,2,24.99,0,49.98
9000102,70015065,506779,1,249.99,0,249.99
9000103,70015066,506790,1,59.99,0,59.99
9000104,70015066,506801,1,349.99,5,332.49
9000105,70015067,506812,1,49.99,0,49.99
9000106,70015068,506823,1,89.99,0,89.99
9000107,70015068,506834,3,19.99,0,59.97
9000108,70015069,506845,1,34.99,0,34.99
9000109,70015070,506856,1,44.99,0,44.99
9000110,70015070,506867,1,39.99,10,35.99
9000111,70015071,506878,1,49.99,0,49.99
9000112,70015072,506889,1,59.99,0,59.99
9000113,70015072,506900,1,29.99,0,29.99
9000114,70015073,506911,1,199.99,0,199.99
9000115,70015074,506922,1,129.99,10,116.99
9000116,70015074,506933,2,24.99,0,49.98
9000117,70015075,506944,1,249.99,0,249.99
9000118,70015076,506955,1,59.99,0,59.99
9000119,70015076,506966,1,349.99,0,349.99
9000120,70015077,506977,1,49.99,0,49.99
9000121,70015078,506988,1,89.99,0,89.99
9000122,70015078,506999,2,19.99,0,39.98
9000123,70015079,507010,1,34.99,0,34.99
9000124,70015080,507021,1,44.99,0,44.99
9000125,70015080,507032,1,39.99,0,39.99
9000126,70015081,507043,1,49.99,0,49.99
9000127,70015082,507054,1,59.99,0,59.99
9000128,70015082,507065,1,29.99,0,29.99
9000129,70015083,507076,1,199.99,0,199.99
9000130,70015084,507087,1,129.99,0,129.99
9000131,70015084,507098,2,24.99,0,49.98
9000132,70015085,507109,1,249.99,0,249.99
9000133,70015086,507120,1,59.99,0,59.99
9000134,70015086,507131,1,349.99,10,314.99
9000135,70015087,507142,1,49.99,0,49.99
9000136,70015088,507153,1,89.99,0,89.99
9000137,70015088,507164,3,19.99,0,59.97
9000138,70015089,507175,1,34.99,0,34.99
9000139,70015090,507186,1,44.99,0,44.99
9000140,70015090,507197,1,39.99,0,39.99
9000141,70015091,507208,1,49.99,0,49.99
9000142,70015092,507219,1,59.99,0,59.99
9000143,70015092,507230,1,29.99,0,29.99
9000144,70015093,507241,1,199.99,0,199.99
9000145,70015094,507252,1,129.99,5,123.49
9000146,70015094,507263,2,24.99,0,49.98
9000147,70015095,507274,1,249.99,0,249.99
9000148,70015096,507285,1,59.99,0,59.99
9000149,70015096,507296,1,349.99,0,349.99
9000150,70015097,507307,1,49.99,0,49.99
9000151,70015097,507318,1,89.99,0,89.99
9000152,70015097,507329,2,19.99,0,39.98
9000153,70015098,507340,1,34.99,0,34.99
9000154,70015099,507351,1,44.99,0,44.99
9000155,70015099,507362,1,39.99,10,35.99
9000156,70015100,507373,1,49.99,0,49.99
9000157,70015101,507384,1,59.99,0,59.99
9000158,70015101,507395,1,29.99,0,29.99
9000159,70015102,507406,1,199.99,0,199.99
9000160,70015103,507417,1,129.99,5,123.49
9000161,70015103,507428,2,24.99,0,49.98
9000162,70015104,507439,1,249.99,0,249.99
9000163,70015105,507450,1,59.99,0,59.99
9000164,70015105,507461,1,349.99,0,349.99
9000165,70015106,507472,1,49.99,0,49.99
9000166,70015107,507483,1,89.99,0,89.99
9000167,70015107,507494,3,19.99,0,59.97
9000168,70015108,507505,1,34.99,0,34.99
9000169,70015109,507516,1,44.99,0,44.99
9000170,70015109,507527,1,39.99,0,39.99
9000171,70015110,507538,1,49.99,0,49.99
9000172,70015111,507549,1,59.99,0,59.99
9000173,70015111,507560,1,29.99,0,29.99
9000174,70015112,507571,1,199.99,0,199.99
9000175,70015113,507582,1,129.99,10,116.99
9000176,70015113,507593,2,24.99,0,49.98
9000177,70015114,507604,1,249.99,0,249.99
9000178,70015115,507615,1,59.99,0,59.99
9000179,70015115,507626,1,349.99,5,332.49
9000180,70015116,507637,1,49.99,0,49.99
9000181,70015117,507648,1,89.99,0,89.99
9000182,70015117,507659,2,19.99,0,39.98
9000183,70015118,507670,1,34.99,0,34.99
9000184,70015119,507681,1,44.99,0,44.99
9000185,70015119,507692,1,39.99,0,39.99
9000186,70015120,507703,1,49.99,0,49.99
9000187,70015121,507714,1,59.99,0,59.99
9000188,70015121,507725,1,29.99,0,29.99
9000189,70015122,507736,1,199.99,0,199.99
9000190,70015123,507747,1,129.99,0,129.99
9000191,70015123,507758,2,24.99,0,49.98
9000192,70015124,507769,1,249.99,0,249.99
9000193,70015125,507780,1,59.99,0,59.99
9000194,70015125,507791,1,349.99,10,314.99
9000195,70015126,507802,1,49.99,0,49.99
9000196,70015127,507813,1,89.99,0,89.99
9000197,70015127,507824,3,19.99,0,59.97
9000198,70015128,507835,1,34.99,0,34.99
9000199,70015129,507846,1,44.99,0,44.99
9000200,70015129,507857,1,39.99,0,39.99
9000201,70015130,507868,1,49.99,0,49.99
9000202,70015131,507879,1,59.99,0,59.99
9000203,70015131,507890,1,29.99,0,29.99
9000204,70015132,507901,1,199.99,0,199.99
9000205,70015133,507912,1,129.99,5,123.49
9000206,70015133,507923,2,24.99,0,49.98
9000207,70015134,507934,1,249.99,0,249.99
9000208,70015135,507945,1,59.99,0,59.99
9000209,70015135,507956,1,349.99,0,349.99
9000210,70015136,507967,1,49.99,0,49.99
9000211,70015137,507978,1,89.99,0,89.99
9000212,70015137,507989,2,19.99,0,39.98
9000213,70015138,508000,1,34.99,0,34.99
9000214,70015139,508011,1,44.99,0,44.99
9000215,70015139,508022,1,39.99,0,39.99
9000216,70015140,508033,1,49.99,0,49.99
9000217,70015141,508044,1,59.99,0,59.99
9000218,70015141,508055,1,29.99,0,29.99
9000219,70015142,508066,1,199.99,0,199.99
9000220,70015143,508077,1,129.99,0,129.99
9000221,70015143,508088,2,24.99,0,49.98
9000222,70015144,508099,1,249.99,0,249.99
9000223,70015145,508110,1,59.99,0,59.99
9000224,70015145,508121,1,349.99,10,314.99
9000225,70015146,508132,1,49.99,0,49.99
9000226,70015147,508143,1,89.99,0,89.99
9000227,70015147,508154,3,19.99,0,59.97
9000228,70015148,508165,1,34.99,0,34.99
9000229,70015149,508176,1,44.99,0,44.99
9000230,70015149,508187,1,39.99,0,39.99
9000231,70015150,508198,1,49.99,0,49.99
9000232,70015151,508209,1,59.99,0,59.99
9000233,70015151,508220,1,29.99,0,29.99
9000234,70015152,508231,1,199.99,0,199.99
9000235,70015153,508242,1,129.99,5,123.49
9000236,70015153,508253,2,24.99,0,49.98
9000237,70015154,508264,1,249.99,0,249.99
9000238,70015155,508275,1,59.99,0,59.99
9000239,70015155,508286,1,349.99,0,349.99
9000240,70015156,508297,1,49.99,0,49.99
9000241,70015157,508308,1,89.99,0,89.99
9000242,70015157,508319,2,19.99,0,39.98
9000243,70015158,508330,1,34.99,0,34.99
9000244,70015159,508341,1,44.99,0,44.99
9000245,70015159,508352,1,39.99,0,39.99
9000246,70015160,508363,1,49.99,0,49.99
9000247,70015161,508374,1,59.99,0,59.99
9000248,70015161,508385,1,29.99,0,29.99
9000249,70015162,508396,1,199.99,0,199.99
9000250,70015163,508407,1,129.99,0,129.99
9000251,70015163,508418,2,24.99,0,49.98
9000252,70015164,508429,1,249.99,0,249.99
9000253,70015165,508440,1,59.99,0,59.99
9000254,70015165,508451,1,349.99,10,314.99
9000255,70015166,508462,1,49.99,0,49.99
9000256,70015167,508473,1,89.99,0,89.99
9000257,70015167,508484,3,19.99,0,59.97
9000258,70015168,508495,1,34.99,0,34.99
9000259,70015169,508506,1,44.99,0,44.99
9000260,70015169,508517,1,39.99,0,39.99
9000261,70015170,508528,1,49.99,0,49.99
9000262,70015171,508539,1,59.99,0,59.99
9000263,70015171,508550,1,29.99,0,29.99
9000264,70015172,508561,1,199.99,0,199.99
9000265,70015173,508572,1,129.99,5,123.49
9000266,70015173,508583,2,24.99,0,49.98
9000267,70015174,508594,1,249.99,0,249.99
9000268,70015175,508605,1,59.99,0,59.99
9000269,70015175,508616,1,349.99,0,349.99
9000270,70015176,508627,1,49.99,0,49.99
9000271,70015177,508638,1,89.99,0,89.99
9000272,70015177,508649,2,19.99,0,39.98
9000273,70015178,508660,1,34.99,0,34.99
9000274,70015179,508671,1,44.99,0,44.99
9000275,70015179,508682,1,39.99,0,39.99
9000276,70015180,508693,1,49.99,0,49.99
9000277,70015181,508704,1,59.99,0,59.99
9000278,70015181,508715,1,29.99,0,29.99
9000279,70015182,508726,1,199.99,0,199.99
9000280,70015183,508737,1,129.99,0,129.99
9000281,70015183,508748,2,24.99,0,49.98
9000282,70015184,508759,1,249.99,0,249.99
9000283,70015185,508770,1,59.99,0,59.99
9000284,70015185,508781,1,349.99,10,314.99
9000285,70015186,508792,1,49.99,0,49.99
9000286,70015187,508803,1,89.99,0,89.99
9000287,70015187,508814,3,19.99,0,59.97
9000288,70015188,508825,1,34.99,0,34.99
9000289,70015189,508836,1,44.99,0,44.99
9000290,70015189,508847,1,39.99,0,39.99
9000291,70015190,508858,1,49.99,0,49.99
9000292,70015191,508869,1,59.99,0,59.99
9000293,70015191,508880,1,29.99,0,29.99
9000294,70015192,508891,1,199.99,0,199.99
9000295,70015193,508902,1,129.99,5,123.49
9000296,70015193,508913,2,24.99,0,49.98
9000297,70015194,508924,1,249.99,0,249.99
9000298,70015195,508935,1,59.99,0,59.99
9000299,70015195,508946,1,349.99,0,349.99
9000300,70015196,508957,1,49.99,0,49.99
9000301,70015197,508968,1,89.99,0,89.99
9000302,70015197,508979,2,19.99,0,39.98
9000303,70015198,508990,1,34.99,0,34.99
9000304,70015199,509001,1,44.99,0,44.99
9000305,70015199,509012,1,39.99,0,39.99
9000306,70015200,509023,1,49.99,0,49.99
9000307,70015201,509034,1,59.99,0,59.99
9000308,70015201,509045,1,29.99,0,29.99
9000309,70015202,509056,1,199.99,0,199.99
9000310,70015203,509067,1,129.99,0,129.99
9000311,70015203,509078,2,24.99,0,49.98
9000312,70015204,509089,1,249.99,0,249.99
9000313,70015205,509100,1,59.99,0,59.99
9000314,70015205,509111,1,349.99,10,314.99
9000315,70015206,509122,1,49.99,0,49.99
9000316,70015207,509133,1,89.99,0,89.99
9000317,70015207,509144,3,19.99,0,59.97
9000318,70015208,509155,1,34.99,0,34.99
9000319,70015209,509166,1,44.99,0,44.99
9000320,70015209,509177,1,39.99,0,39.99
9000321,70015210,509188,1,49.99,0,49.99
9000322,70015211,509199,1,59.99,0,59.99
9000323,70015211,509210,1,29.99,0,29.99
9000324,70015212,509221,1,199.99,0,199.99
9000325,70015213,509232,1,129.99,5,123.49
9000326,70015213,509243,2,24.99,0,49.98
9000327,70015214,509254,1,249.99,0,249.99
9000328,70015215,509265,1,59.99,0,59.99
9000329,70015215,509276,1,349.99,0,349.99
9000330,70015216,509287,1,49.99,0,49.99
9000331,70015217,509298,1,89.99,0,89.99
9000332,70015217,509309,2,19.99,0,39.98
9000333,70015218,509320,1,34.99,0,34.99
9000334,70015219,509331,1,44.99,0,44.99
9000335,70015219,509342,1,39.99,0,39.99
9000336,70015220,509353,1,49.99,0,49.99
9000337,70015221,509364,1,59.99,0,59.99
9000338,70015221,509375,1,29.99,0,29.99
9000339,70015222,509386,1,199.99,0,199.99
9000340,70015223,509397,1,129.99,0,129.99
9000341,70015223,509408,2,24.99,0,49.98
9000342,70015224,509419,1,249.99,0,249.99
9000343,70015225,509430,1,59.99,0,59.99
9000344,70015225,509441,1,349.99,10,314.99
9000345,70015226,509452,1,49.99,0,49.99
9000346,70015227,509463,1,89.99,0,89.99
9000347,70015227,509474,3,19.99,0,59.97
9000348,70015228,509485,1,34.99,0,34.99
9000349,70015229,509496,1,44.99,0,44.99
9000350,70015229,509507,1,39.99,0,39.99
9000351,70015230,509518,1,49.99,0,49.99
9000352,70015231,509529,1,59.99,0,59.99
9000353,70015231,509540,1,29.99,0,29.99
9000354,70015232,509551,1,199.99,0,199.99
9000355,70015233,509562,1,129.99,5,123.49
9000356,70015233,509573,2,24.99,0,49.98
9000357,70015234,509584,1,249.99,0,249.99
9000358,70015235,509595,1,59.99,0,59.99
9000359,70015235,509606,1,349.99,0,349.99
9000360,70015236,509617,1,49.99,0,49.99
9000361,70015237,509628,1,89.99,0,89.99
9000362,70015237,509639,3,19.99,0,59.97
9000363,70015238,509650,1,34.99,0,34.99
9000364,70015239,509661,1,44.99,0,44.99
9000365,70015239,509672,1,39.99,0,39.99
9000366,70015240,509683,1,49.99,0,49.99
9000367,70015241,509694,1,59.99,0,59.99
9000368,70015241,509705,1,29.99,0,29.99
9000369,70015242,509716,1,199.99,0,199.99
9000370,70015243,509727,1,129.99,0,129.99
9000371,70015243,509738,2,24.99,0,49.98
9000372,70015244,509749,1,249.99,0,249.99
9000373,70015245,509760,1,59.99,0,59.99
9000374,70015245,509771,1,349.99,10,314.99
9000375,70015246,509782,1,49.99,0,49.99
9000376,70015247,509793,1,89.99,0,89.99
9000377,70015247,509804,2,19.99,0,39.98
9000378,70015248,509815,1,34.99,0,34.99
9000379,70015249,509826,1,44.99,0,44.99
9000380,70015249,509837,1,39.99,0,39.99
9000381,70015250,509848,1,49.99,0,49.99
9000382,70015251,509859,1,59.99,0,59.99
9000383,70015251,509870,1,29.99,0,29.99
9000384,70015252,509881,1,199.99,0,199.99
9000385,70015253,509892,1,129.99,5,123.49
9000386,70015253,509903,2,24.99,0,49.98
9000387,70015254,509914,1,249.99,0,249.99
9000388,70015255,509925,1,59.99,0,59.99
9000389,70015255,509936,1,349.99,0,349.99
9000390,70015256,509947,1,49.99,0,49.99
9000391,70015257,509958,1,89.99,0,89.99
9000392,70015257,509969,3,19.99,0,59.97
9000393,70015258,509980,1,34.99,0,34.99
9000394,70015259,509991,1,44.99,0,44.99
9000395,70015259,510002,1,39.99,0,39.99
9000396,70015260,510013,1,49.99,0,49.99
9000397,70015261,510024,1,59.99,0,59.99
9000398,70015261,510035,1,29.99,0,29.99
9000399,70015262,510046,1,199.99,0,199.99
9000400,70015263,510057,1,129.99,0,129.99
9000401,70015263,510068,2,24.99,0,49.98
9000402,70015264,510079,1,249.99,0,249.99
9000403,70015265,510090,1,59.99,0,59.99
9000404,70015265,510101,1,349.99,10,314.99
9000405,70015266,510112,1,49.99,0,49.99
9000406,70015267,510123,1,89.99,0,89.99
9000407,70015267,510134,2,19.99,0,39.98
9000408,70015268,510145,1,34.99,0,34.99
9000409,70015269,510156,1,44.99,0,44.99
9000410,70015269,510167,1,39.99,0,39.99
9000411,70015270,510178,1,49.99,0,49.99
9000412,70015271,510189,1,59.99,0,59.99
9000413,70015271,510200,1,29.99,0,29.99
9000414,70015272,510211,1,199.99,0,199.99
9000415,70015273,510222,1,129.99,5,123.49
9000416,70015273,510233,2,24.99,0,49.98
9000417,70015274,510244,1,249.99,0,249.99
9000418,70015275,510255,1,59.99,0,59.99
9000419,70015275,510266,1,349.99,0,349.99
9000420,70015276,510277,1,49.99,0,49.99
9000421,70015277,510288,1,89.99,0,89.99
9000422,70015277,510299,3,19.99,0,59.97
9000423,70015278,510310,1,34.99,0,34.99
9000424,70015279,510321,1,44.99,0,44.99
9000425,70015279,510332,1,39.99,0,39.99
9000426,70015280,510343,1,49.99,0,49.99
9000427,70015281,510354,1,59.99,0,59.99
9000428,70015281,510365,1,29.99,0,29.99
9000429,70015282,510376,1,199.99,0,199.99
9000430,70015283,510387,1,129.99,0,129.99
9000431,70015283,510398,2,24.99,0,49.98
9000432,70015284,510409,1,249.99,0,249.99
9000433,70015285,510420,1,59.99,0,59.99
9000434,70015285,510431,1,349.99,10,314.99
9000435,70015286,510442,1,49.99,0,49.99
9000436,70015287,510453,1,89.99,0,89.99
9000437,70015287,510464,2,19.99,0,39.98
9000438,70015288,510475,1,34.99,0,34.99
9000439,70015289,510486,1,44.99,0,44.99
9000440,70015289,510497,1,39.99,0,39.99
9000441,70015290,510508,1,49.99,0,49.99
9000442,70015291,510519,1,59.99,0,59.99
9000443,70015291,510530,1,29.99,0,29.99
9000444,70015292,510541,1,199.99,0,199.99
9000445,70015293,510552,1,129.99,5,123.49
9000446,70015293,510563,2,24.99,0,49.98
9000447,70015294,510574,1,249.99,0,249.99
9000448,70015295,510585,1,59.99,0,59.99
9000449,70015295,510596,1,349.99,0,349.99
9000450,70015296,510607,1,49.99,0,49.99
9000451,70015296,510618,1,89.99,0,89.99
9000452,70015296,510629,2,19.99,0,39.98
9000453,70015297,510640,1,34.99,0,34.99
9000454,70015298,510651,1,44.99,0,44.99
9000455,70015298,510662,1,39.99,0,39.99
9000456,70015299,510673,1,49.99,0,49.99
9000457,70015300,510684,1,59.99,0,59.99
9000458,70015300,510695,1,29.99,0,29.99
9000459,70015301,510706,1,199.99,0,199.99
9000460,70015302,510717,1,129.99,5,123.49
9000461,70015302,510728,2,24.99,0,49.98
9000462,70015303,510739,1,249.99,0,249.99
9000463,70015304,510750,1,59.99,0,59.99
9000464,70015304,510761,1,349.99,0,349.99
9000465,70015305,510772,1,49.99,0,49.99
9000466,70015306,510783,1,89.99,0,89.99
9000467,70015306,510794,3,19.99,0,59.97
9000468,70015307,510805,1,34.99,0,34.99
9000469,70015308,510816,1,44.99,0,44.99
9000470,70015308,510827,1,39.99,0,39.99
9000471,70015309,510838,1,49.99,0,49.99
9000472,70015310,510849,1,59.99,0,59.99
9000473,70015310,510860,1,29.99,0,29.99
9000474,70015311,510871,1,199.99,0,199.99
9000475,70015312,510882,1,129.99,0,129.99
9000476,70015312,510893,2,24.99,0,49.98
9000477,70015313,510904,1,249.99,0,249.99
9000478,70015314,510915,1,59.99,0,59.99
9000479,70015314,510926,1,349.99,10,314.99
9000480,70015315,510937,1,49.99,0,49.99
9000481,70015316,510948,1,89.99,0,89.99
9000482,70015316,510959,2,19.99,0,39.98
9000483,70015317,510970,1,34.99,0,34.99
9000484,70015318,510981,1,44.99,0,44.99
9000485,70015318,510992,1,39.99,0,39.99
9000486,70015319,511003,1,49.99,0,49.99
9000487,70015320,511014,1,59.99,0,59.99
9000488,70015320,511025,1,29.99,0,29.99
9000489,70015321,511036,1,199.99,0,199.99
9000490,70015322,511047,1,129.99,5,123.49
9000491,70015322,511058,2,24.99,0,49.98
9000492,70015323,511069,1,249.99,0,249.99
9000493,70015324,511080,1,59.99,0,59.99
9000494,70015324,511091,1,349.99,0,349.99
9000495,70015325,511102,1,49.99,0,49.99
9000496,70015326,511113,1,89.99,0,89.99
9000497,70015326,511124,3,19.99,0,59.97
9000498,70015327,511135,1,34.99,0,34.99
9000499,70015328,511146,1,44.99,0,44.99
9000500,70015328,511157,1,39.99,0,39.99
9000501,70015329,511168,1,49.99,0,49.99
9000502,70015330,511179,1,59.99,0,59.99
9000503,70015330,511190,1,29.99,0,29.99
9000504,70015331,511201,1,199.99,0,199.99
9000505,70015332,511212,1,129.99,5,123.49
9000506,70015332,511223,2,24.99,0,49.98
9000507,70015333,511234,1,249.99,0,249.99
9000508,70015334,511245,1,59.99,0,59.99
9000509,70015334,511256,1,349.99,0,349.99
9000510,70015335,511267,1,49.99,0,49.99
9000511,70015336,511278,1,89.99,0,89.99
9000512,70015336,511289,3,19.99,0,59.97
9000513,70015337,511300,1,34.99,0,34.99
9000514,70015338,511311,1,44.99,0,44.99
9000515,70015338,511322,1,39.99,0,39.99
9000516,70015339,511333,1,49.99,0,49.99
9000517,70015340,511344,1,59.99,0,59.99
9000518,70015340,511355,1,29.99,0,29.99
9000519,70015341,511366,1,199.99,0,199.99
9000520,70015342,511377,1,129.99,0,129.99
9000521,70015342,511388,2,24.99,0,49.98
9000522,70015343,511399,1,249.99,0,249.99
9000523,70015344,511410,1,59.99,0,59.99
9000524,70015344,511421,1,349.99,10,314.99
9000525,70015345,511432,1,49.99,0,49.99
9000526,70015346,511443,1,89.99,0,89.99
9000527,70015346,511454,2,19.99,0,39.98
9000528,70015347,511465,1,34.99,0,34.99
9000529,70015348,511476,1,44.99,0,44.99
9000530,70015348,511487,1,39.99,0,39.99
9000531,70015349,511498,1,49.99,0,49.99
9000532,70015350,511509,1,59.99,0,59.99
9000533,70015350,511520,1,29.99,0,29.99
9000534,70015351,511531,1,199.99,0,199.99
9000535,70015352,511542,1,129.99,5,123.49
9000536,70015352,511553,2,24.99,0,49.98
9000537,70015353,511564,1,249.99,0,249.99
9000538,70015354,511575,1,59.99,0,59.99
9000539,70015354,511586,1,349.99,0,349.99
9000540,70015355,511597,1,49.99,0,49.99
9000541,70015356,511608,1,89.99,0,89.99
9000542,70015356,511619,3,19.99,0,59.97
9000543,70015357,511630,1,34.99,0,34.99
9000544,70015358,511641,1,44.99,0,44.99
9000545,70015358,511652,1,39.99,0,39.99
9000546,70015359,511663,1,49.99,0,49.99
9000547,70015360,511674,1,59.99,0,59.99
9000548,70015360,511685,1,29.99,0,29.99
9000549,70015361,511696,1,199.99,0,199.99
9000550,70015362,511707,1,129.99,0,129.99
9000551,70015362,511718,2,24.99,0,49.98
9000552,70015363,511729,1,249.99,0,249.99
9000553,70015364,511740,1,59.99,0,59.99
9000554,70015364,511751,1,349.99,10,314.99
9000555,70015365,511762,1,49.99,0,49.99
9000556,70015366,511773,1,89.99,0,89.99
9000557,70015366,511784,2,19.99,0,39.98
9000558,70015367,511795,1,34.99,0,34.99
9000559,70015368,511806,1,44.99,0,44.99
9000560,70015368,511817,1,39.99,0,39.99
9000561,70015369,511828,1,49.99,0,49.99
9000562,70015370,511839,1,59.99,0,59.99
9000563,70015370,511850,1,29.99,0,29.99
9000564,70015371,511861,1,199.99,0,199.99
9000565,70015372,511872,1,129.99,5,123.49
9000566,70015372,511883,2,24.99,0,49.98
9000567,70015373,511894,1,249.99,0,249.99
9000568,70015374,511905,1,59.99,0,59.99
9000569,70015374,511916,1,349.99,0,349.99
9000570,70015375,511927,1,49.99,0,49.99
9000571,70015376,511938,1,89.99,0,89.99
9000572,70015376,511949,3,19.99,0,59.97
9000573,70015377,511960,1,34.99,0,34.99
9000574,70015378,511971,1,44.99,0,44.99
9000575,70015378,511982,1,39.99,0,39.99
9000576,70015379,511993,1,49.99,0,49.99
9000577,70015380,512004,1,59.99,0,59.99
9000578,70015380,512015,1,29.99,0,29.99
9000579,70015381,512026,1,199.99,0,199.99
9000580,70015382,512037,1,129.99,0,129.99
9000581,70015382,512048,2,24.99,0,49.98
9000582,70015383,512059,1,249.99,0,249.99
9000583,70015384,512070,1,59.99,0,59.99
9000584,70015384,512081,1,349.99,10,314.99
9000585,70015385,512092,1,49.99,0,49.99
9000586,70015386,512103,1,89.99,0,89.99
9000587,70015386,512114,2,19.99,0,39.98
9000588,70015387,512125,1,34.99,0,34.99
9000589,70015388,512136,1,44.99,0,44.99
9000590,70015388,512147,1,39.99,0,39.99
9000591,70015389,512158,1,49.99,0,49.99
9000592,70015390,512169,1,59.99,0,59.99
9000593,70015390,512180,1,29.99,0,29.99
9000594,70015391,512191,1,199.99,0,199.99
9000595,70015392,512202,1,129.99,5,123.49
9000596,70015392,512213,2,24.99,0,49.98
9000597,70015393,512224,1,249.99,0,249.99
9000598,70015394,512235,1,59.99,0,59.99
9000599,70015394,512246,1,349.99,0,349.99
9000600,70015395,512257,1,49.99,0,49.99
9000601,70015395,512268,1,89.99,0,89.99
9000602,70015395,512279,2,19.99,0,39.98
9000603,70015396,512290,1,34.99,0,34.99
9000604,70015397,512301,1,44.99,0,44.99
9000605,70015397,512312,1,39.99,0,39.99
9000606,70015398,512323,1,49.99,0,49.99
9000607,70015399,512334,1,59.99,0,59.99
9000608,70015399,512345,1,29.99,0,29.99
9000609,70015400,512356,1,199.99,0,199.99
9000610,70015401,512367,1,129.99,5,123.49
9000611,70015401,512378,2,24.99,0,49.98
9000612,70015402,512389,1,249.99,0,249.99
9000613,70015403,512400,1,59.99,0,59.99
9000614,70015403,512411,1,349.99,0,349.99
9000615,70015404,512422,1,49.99,0,49.99
9000616,70015405,512433,1,89.99,0,89.99
9000617,70015405,512444,3,19.99,0,59.97
9000618,70015406,512455,1,34.99,0,34.99
9000619,70015407,512466,1,44.99,0,44.99
9000620,70015407,512477,1,39.99,0,39.99
9000621,70015408,512488,1,49.99,0,49.99
9000622,70015409,512499,1,59.99,0,59.99
9000623,70015409,512510,1,29.99,0,29.99
9000624,70015410,512521,1,199.99,0,199.99
9000625,70015411,512532,1,129.99,0,129.99
9000626,70015411,512543,2,24.99,0,49.98
9000627,70015412,512554,1,249.99,0,249.99
9000628,70015413,512565,1,59.99,0,59.99
9000629,70015413,512576,1,349.99,10,314.99
9000630,70015414,512587,1,49.99,0,49.99
9000631,70015415,512598,1,89.99,0,89.99
9000632,70015415,512609,2,19.99,0,39.98
9000633,70015416,512620,1,34.99,0,34.99
9000634,70015417,512631,1,44.99,0,44.99
9000635,70015417,512642,1,39.99,0,39.99
9000636,70015418,512653,1,49.99,0,49.99
9000637,70015419,512664,1,59.99,0,59.99
9000638,70015419,512675,1,29.99,0,29.99
9000639,70015420,512686,1,199.99,0,199.99
9000640,70015421,512697,1,129.99,5,123.49
9000641,70015421,512708,2,24.99,0,49.98
9000642,70015422,512719,1,249.99,0,249.99
9000643,70015423,512730,1,59.99,0,59.99
9000644,70015423,512741,1,349.99,0,349.99
9000645,70015424,512752,1,49.99,0,49.99
9000646,70015425,512763,1,89.99,0,89.99
9000647,70015425,512774,3,19.99,0,59.97
9000648,70015426,512785,1,34.99,0,34.99
9000649,70015427,512796,1,44.99,0,44.99
9000650,70015427,512807,1,39.99,0,39.99
9000651,70015428,512818,1,49.99,0,49.99
9000652,70015429,512829,1,59.99,0,59.99
9000653,70015429,512840,1,29.99,0,29.99
9000654,70015430,512851,1,199.99,0,199.99
9000655,70015431,512862,1,129.99,0,129.99
9000656,70015431,512873,2,24.99,0,49.98
9000657,70015432,512884,1,249.99,0,249.99
9000658,70015433,512895,1,59.99,0,59.99
9000659,70015433,512906,1,349.99,10,314.99
9000660,70015434,512917,1,49.99,0,49.99
9000661,70015435,512928,1,89.99,0,89.99
9000662,70015435,512939,2,19.99,0,39.98
9000663,70015436,512950,1,34.99,0,34.99
9000664,70015437,512961,1,44.99,0,44.99
9000665,70015437,512972,1,39.99,0,39.99
9000666,70015438,512983,1,49.99,0,49.99
9000667,70015439,512994,1,59.99,0,59.99
9000668,70015439,513005,1,29.99,0,29.99
9000669,70015440,513016,1,199.99,0,199.99
9000670,70015441,513027,1,129.99,5,123.49
9000671,70015441,513038,2,24.99,0,49.98
9000672,70015442,513049,1,249.99,0,249.99
9000673,70015443,513060,1,59.99,0,59.99
9000674,70015443,513071,1,349.99,0,349.99
9000675,70015444,513082,1,49.99,0,49.99
9000676,70015445,513093,1,89.99,0,89.99
9000677,70015445,513104,3,19.99,0,59.97
9000678,70015446,513115,1,34.99,0,34.99
9000679,70015447,513126,1,44.99,0,44.99
9000680,70015447,513137,1,39.99,0,39.99
9000681,70015448,513148,1,49.99,0,49.99
9000682,70015449,513159,1,59.99,0,59.99
9000683,70015449,513170,1,29.99,0,29.99
9000684,70015450,513181,1,199.99,0,199.99
9000685,70015451,513192,1,129.99,0,129.99
9000686,70015451,513203,2,24.99,0,49.98
9000687,70015452,513214,1,249.99,0,249.99
9000688,70015453,513225,1,59.99,0,59.99
9000689,70015453,513236,1,349.99,10,314.99
9000690,70015454,513247,1,49.99,0,49.99
9000691,70015455,513258,1,89.99,0,89.99
9000692,70015455,513269,2,19.99,0,39.98
9000693,70015456,513280,1,34.99,0,34.99
9000694,70015457,513291,1,44.99,0,44.99
9000695,70015457,513302,1,39.99,0,39.99
9000696,70015458,513313,1,49.99,0,49.99
9000697,70015459,513324,1,59.99,0,59.99
9000698,70015459,513335,1,29.99,0,29.99
9000699,70015460,513346,1,199.99,0,199.99
9000700,70015461,513357,1,129.99,5,123.49
9000701,70015461,513368,2,24.99,0,49.98
9000702,70015462,513379,1,249.99,0,249.99
9000703,70015463,513390,1,59.99,0,59.99
9000704,70015463,513401,1,349.99,0,349.99
9000705,70015464,513412,1,49.99,0,49.99
9000706,70015465,513423,1,89.99,0,89.99
9000707,70015465,513434,3,19.99,0,59.97
9000708,70015466,513445,1,34.99,0,34.99
9000709,70015467,513456,1,44.99,0,44.99
9000710,70015467,513467,1,39.99,0,39.99
9000711,70015468,513478,1,49.99,0,49.99
9000712,70015469,513489,1,59.99,0,59.99
9000713,70015469,513500,1,29.99,0,29.99
9000714,70015470,513511,1,199.99,0,199.99
9000715,70015471,513522,1,129.99,5,123.49
9000716,70015471,513533,2,24.99,0,49.98
9000717,70015472,513544,1,249.99,0,249.99
9000718,70015473,513555,1,59.99,0,59.99
9000719,70015473,513566,1,349.99,10,314.99
9000720,70015474,513577,1,49.99,0,49.99
9000721,70015475,513588,1,89.99,0,89.99
9000722,70015475,513599,2,19.99,0,39.98
9000723,70015476,513610,1,34.99,0,34.99
9000724,70015477,513621,1,44.99,0,44.99
9000725,70015477,513632,1,39.99,0,39.99
9000726,70015478,513643,1,49.99,0,49.99
9000727,70015479,513654,1,59.99,0,59.99
9000728,70015479,513665,1,29.99,0,29.99
9000729,70015480,513676,1,199.99,0,199.99
9000730,70015481,513687,1,129.99,0,129.99
9000731,70015481,513698,2,24.99,0,49.98
9000732,70015482,513709,1,249.99,0,249.99
9000733,70015483,513720,1,59.99,0,59.99
9000734,70015483,513731,1,349.99,0,349.99
9000735,70015484,513742,1,49.99,0,49.99
9000736,70015485,513753,1,89.99,0,89.99
9000737,70015485,513764,3,19.99,0,59.97
9000738,70015486,513775,1,34.99,0,34.99
9000739,70015487,513786,1,44.99,0,44.99
9000740,70015487,513797,1,39.99,0,39.99
9000741,70015488,513808,1,49.99,0,49.99
9000742,70015489,513819,1,59.99,0,59.99
9000743,70015489,513830,1,29.99,0,29.99
9000744,70015490,513841,1,199.99,0,199.99
9000745,70015491,513852,1,129.99,5,123.49
9000746,70015491,513863,2,24.99,0,49.98
9000747,70015492,513874,1,249.99,0,249.99
9000748,70015493,513885,1,59.99,0,59.99
9000749,70015493,513896,1,349.99,10,314.99
9000750,70015494,513907,1,49.99,0,49.99
9000751,70015495,513918,1,89.99,0,89.99
9000752,70015495,513929,2,19.99,0,39.98
9000753,70015496,513940,1,34.99,0,34.99
9000754,70015497,513951,1,44.99,0,44.99
9000755,70015497,513962,1,39.99,0,39.99
9000756,70015498,513973,1,49.99,0,49.99
9000757,70015499,513984,1,59.99,0,59.99
9000758,70015499,513995,1,29.99,0,29.99
9000759,70015500,514006,1,199.99,0,199.99
9000760,70015501,514017,1,129.99,0,129.99
9000761,70015501,514028,2,24.99,0,49.98
9000762,70015502,514039,1,249.99,0,249.99
9000763,70015503,514050,1,59.99,0,59.99
9000764,70015503,514061,1,349.99,0,349.99
9000765,70015504,514072,1,49.99,0,49.99
9000766,70015505,514083,1,89.99,0,89.99
9000767,70015505,514094,3,19.99,0,59.97
9000768,70015506,514105,1,34.99,0,34.99
9000769,70015507,514116,1,44.99,0,44.99
9000770,70015507,514127,1,39.99,0,39.99
9000771,70015508,514138,1,49.99,0,49.99
9000772,70015509,514149,1,59.99,0,59.99
9000773,70015509,514160,1,29.99,0,29.99
9000774,70015510,514171,1,199.99,0,199.99
9000775,70015511,514182,1,129.99,5,123.49
9000776,70015511,514193,2,24.99,0,49.98
9000777,70015512,514204,1,249.99,0,249.99
9000778,70015513,514215,1,59.99,0,59.99
9000779,70015513,514226,1,349.99,10,314.99
9000780,70015514,514237,1,49.99,0,49.99
9000781,70015515,514248,1,89.99,0,89.99
9000782,70015515,514259,2,19.99,0,39.98
9000783,70015516,514270,1,34.99,0,34.99
9000784,70015517,514281,1,44.99,0,44.99
9000785,70015517,514292,1,39.99,0,39.99
9000786,70015518,514303,1,49.99,0,49.99
9000787,70015519,514314,1,59.99,0,59.99
9000788,70015519,514325,1,29.99,0,29.99
9000789,70015520,514336,1,199.99,0,199.99
9000790,70015521,514347,1,129.99,0,129.99
9000791,70015521,514358,2,24.99,0,49.98
9000792,70015522,514369,1,249.99,0,249.99
9000793,70015523,514380,1,59.99,0,59.99
9000794,70015523,514391,1,349.99,0,349.99
9000795,70015524,514402,1,49.99,0,49.99
9000796,70015525,514413,1,89.99,0,89.99
9000797,70015525,514424,3,19.99,0,59.97
9000798,70015526,514435,1,34.99,0,34.99
9000799,70015527,514446,1,44.99,0,44.99
9000800,70015527,514457,1,39.99,0,39.99
9000801,70015528,514468,1,49.99,0,49.99
9000802,70015529,514479,1,59.99,0,59.99
9000803,70015529,514490,1,29.99,0,29.99
9000804,70015530,514501,1,199.99,0,199.99
9000805,70015531,514512,1,129.99,5,123.49
9000806,70015531,514523,2,24.99,0,49.98
9000807,70015532,514534,1,249.99,0,249.99
9000808,70015533,514545,1,59.99,0,59.99
9000809,70015533,514556,1,349.99,0,349.99
9000810,70015534,514567,1,49.99,0,49.99
9000811,70015535,514578,1,89.99,0,89.99
9000812,70015535,514589,3,19.99,0,59.97
9000813,70015536,514600,1,34.99,0,34.99
9000814,70015537,514611,1,44.99,0,44.99
9000815,70015537,514622,1,39.99,0,39.99
9000816,70015538,514633,1,49.99,0,49.99
9000817,70015539,514644,1,59.99,0,59.99
9000818,70015539,514655,1,29.99,0,29.99
9000819,70015540,514666,1,199.99,0,199.99
9000820,70015541,514677,1,129.99,0,129.99
9000821,70015541,514688,2,24.99,0,49.98
9000822,70015542,514699,1,249.99,0,249.99
9000823,70015543,514710,1,59.99,0,59.99
9000824,70015543,514721,1,349.99,10,314.99
9000825,70015544,514732,1,49.99,0,49.99
9000826,70015545,514743,1,89.99,0,89.99
9000827,70015545,514754,2,19.99,0,39.98
9000828,70015546,514765,1,34.99,0,34.99
9000829,70015547,514776,1,44.99,0,44.99
9000830,70015547,514787,1,39.99,0,39.99
9000831,70015548,514798,1,49.99,0,49.99
9000832,70015549,514809,1,59.99,0,59.99
9000833,70015549,514820,1,29.99,0,29.99
9000834,70015550,514831,1,199.99,0,199.99
9000835,70015551,514842,1,129.99,5,123.49
9000836,70015551,514853,2,24.99,0,49.98
9000837,70015552,514864,1,249.99,0,249.99
9000838,70015553,514875,1,59.99,0,59.99
9000839,70015553,514886,1,349.99,0,349.99
9000840,70015554,514897,1,49.99,0,49.99
9000841,70015555,514908,1,89.99,0,89.99
9000842,70015555,514919,3,19.99,0,59.97
9000843,70015556,514930,1,34.99,0,34.99
9000844,70015557,514941,1,44.99,0,44.99
9000845,70015557,514952,1,39.99,0,39.99
9000846,70015558,514963,1,49.99,0,49.99
9000847,70015559,514974,1,59.99,0,59.99
9000848,70015559,514985,1,29.99,0,29.99
9000849,70015560,514996,1,199.99,0,199.99
9000850,70015561,515007,1,129.99,0,129.99
9000851,70015561,515018,2,24.99,0,49.98
9000852,70015562,515029,1,249.99,0,249.99
9000853,70015563,515040,1,59.99,0,59.99
9000854,70015563,515051,1,349.99,10,314.99
9000855,70015564,515062,1,49.99,0,49.99
9000856,70015565,515073,1,89.99,0,89.99
9000857,70015565,515084,2,19.99,0,39.98
9000858,70015566,515095,1,34.99,0,34.99
9000859,70015567,515106,1,44.99,0,44.99
9000860,70015567,515117,1,39.99,0,39.99
9000861,70015568,515128,1,49.99,0,49.99
9000862,70015569,515139,1,59.99,0,59.99
9000863,70015569,515150,1,29.99,0,29.99
9000864,70015570,515161,1,199.99,0,199.99
9000865,70015571,515172,1,129.99,5,123.49
9000866,70015571,515183,2,24.99,0,49.98
9000867,70015572,515194,1,249.99,0,249.99
9000868,70015573,515205,1,59.99,0,59.99
9000869,70015573,515216,1,349.99,0,349.99
9000870,70015574,515227,1,49.99,0,49.99
9000871,70015575,515238,1,89.99,0,89.99
9000872,70015575,515249,3,19.99,0,59.97
9000873,70015576,515260,1,34.99,0,34.99
9000874,70015577,515271,1,44.99,0,44.99
9000875,70015577,515282,1,39.99,0,39.99
9000876,70015578,515293,1,49.99,0,49.99
9000877,70015579,515304,1,59.99,0,59.99
9000878,70015579,515315,1,29.99,0,29.99
9000879,70015580,515326,1,199.99,0,199.99
9000880,70015581,515337,1,129.99,0,129.99
9000881,70015581,515348,2,24.99,0,49.98
9000882,70015582,515359,1,249.99,0,249.99
9000883,70015583,515370,1,59.99,0,59.99
9000884,70015583,515381,1,349.99,10,314.99
9000885,70015584,515392,1,49.99,0,49.99
9000886,70015585,515403,1,89.99,0,89.99
9000887,70015585,515414,2,19.99,0,39.98
9000888,70015586,515425,1,34.99,0,34.99
9000889,70015587,515436,1,44.99,0,44.99
9000890,70015587,515447,1,39.99,0,39.99
9000891,70015588,515458,1,49.99,0,49.99
9000892,70015589,515469,1,59.99,0,59.99
9000893,70015589,515480,1,29.99,0,29.99
9000894,70015590,515491,1,199.99,0,199.99
9000895,70015591,515502,1,129.99,5,123.49
9000896,70015591,515513,2,24.99,0,49.98
9000897,70015592,515524,1,249.99,0,249.99
9000898,70015593,515535,1,59.99,0,59.99
9000899,70015593,515546,1,349.99,0,349.99
9000900,70015594,515557,1,49.99,0,49.99
